Step,State,Action,Reward,Average Reward,Learning Message
0,"[356.0, 309.0, 394.0, 241.0, 0.0, 0.0, 0.2, 1.0]",4,50.0,50.0,Learning: Improving
1,"[0.0, 0.0, 0.0, 0.0, 1.0, 1.0, 0.0, 0.0]",1,0,25.0,Learning: Improving
2,"[0.0, 0.0, 0.0, 0.0, 1.0, 1.0, 0.0, 0.0]",1,0,16.666666666666668,Learning: Improving
3,"[0.0, 0.0, 0.0, 0.0, 1.0, 1.0, 0.0, 0.0]",1,0,12.5,Learning: Improving
4,"[0.0, 0.0, 0.0, 0.0, 1.0, 1.0, 0.0, 0.0]",1,0,10.0,Learning: Improving
5,"[0.0, 0.0, 0.0, 0.0, 1.0, 1.0, 0.0, 0.0]",1,0,8.333333333333334,Learning: Improving
6,"[0.0, 0.0, 0.0, 0.0, 1.0, 1.0, 0.0, 0.0]",1,0,7.142857142857143,Learning: Improving
7,"[0.0, 0.0, 0.0, 0.0, 1.0, 1.0, 0.0, 0.0]",1,0,6.25,Learning: Improving
8,"[0.0, 0.0, 0.0, 0.0, 1.0, 1.0, 0.0, 0.0]",1,0,5.555555555555555,Learning: Improving
9,"[0.0, 0.0, 0.0, 0.0, 1.0, 1.0, 0.0, 0.0]",1,0,5.0,Learning: Improving
10,"[0.0, 0.0, 0.0, 0.0, 1.0, 1.0, 0.0, 0.0]",1,0,4.545454545454546,Learning: Improving
11,"[0.0, 0.0, 0.0, 0.0, 1.0, 1.0, 0.0, 0.0]",1,0,4.166666666666667,Learning: Improving
12,"[0.0, 0.0, 0.0, 0.0, 1.0, 1.0, 0.0, 0.0]",1,0,3.8461538461538463,Learning: Improving
13,"[0.0, 0.0, 0.0, 0.0, 1.0, 1.0, 0.0, 0.0]",1,0,3.5714285714285716,Learning: Improving
14,"[0.0, 0.0, 0.0, 0.0, 1.0, 1.0, 0.0, 0.0]",1,0,3.3333333333333335,Learning: Improving
15,"[0.0, 0.0, 0.0, 0.0, 1.0, 1.0, 0.0, 0.0]",1,0,3.125,Learning: Improving
16,"[0.0, 0.0, 0.0, 0.0, 1.0, 1.0, 0.0, 0.0]",1,0,2.9411764705882355,Learning: Improving
17,"[0.0, 0.0, 0.0, 0.0, 1.0, 1.0, 0.0, 0.0]",1,0,2.7777777777777777,Learning: Improving
18,"[0.0, 0.0, 0.0, 0.0, 1.0, 1.0, 0.0, 0.0]",1,0,2.6315789473684212,Learning: Improving
19,"[0.0, 0.0, 0.0, 0.0, 1.0, 1.0, 0.0, 0.0]",1,0,2.5,Learning: Improving
20,"[0.0, 0.0, 0.0, 0.0, 1.0, 1.0, 0.0, 0.0]",1,0,2.380952380952381,Learning: Improving
21,"[0.0, 0.0, 0.0, 0.0, 1.0, 1.0, 0.0, 0.0]",5,0,2.272727272727273,Learning: Improving
22,"[0.0, 0.0, 0.0, 0.0, 1.0, 1.0, 0.0, 0.0]",1,0,2.1739130434782608,Learning: Improving
23,"[0.0, 0.0, 0.0, 0.0, 1.0, 1.0, 0.0, 0.0]",2,0,2.0833333333333335,Learning: Improving
24,"[0.0, 0.0, 0.0, 0.0, 1.0, 1.0, 0.0, 0.0]",1,0,2.0,Learning: Improving
25,"[0.0, 0.0, 0.0, 0.0, 1.0, 1.0, 0.0, 0.0]",1,0,1.9230769230769231,Learning: Improving
26,"[0.0, 0.0, 0.0, 0.0, 1.0, 1.0, 0.0, 0.0]",1,0,1.8518518518518519,Learning: Improving
27,"[0.0, 0.0, 0.0, 0.0, 1.0, 1.0, 0.0, 0.0]",0,0,1.7857142857142858,Learning: Improving
28,"[0.0, 0.0, 0.0, 0.0, 1.0, 1.0, 0.0, 0.0]",1,0,1.7241379310344827,Learning: Improving
29,"[0.0, 0.0, 0.0, 0.0, 1.0, 1.0, 0.0, 0.0]",1,0,1.6666666666666667,Learning: Improving
30,"[0.0, 0.0, 0.0, 0.0, 1.0, 1.0, 0.0, 0.0]",1,0,1.6129032258064515,Learning: Improving
31,"[0.0, 0.0, 0.0, 0.0, 1.0, 1.0, 0.0, 0.0]",1,0,1.5625,Learning: Improving
32,"[0.0, 0.0, 0.0, 0.0, 1.0, 1.0, 0.0, 0.0]",1,0,1.5151515151515151,Learning: Improving
33,"[0.0, 0.0, 0.0, 0.0, 1.0, 1.0, 0.0, 0.0]",1,0,1.4705882352941178,Learning: Improving
34,"[0.0, 0.0, 0.0, 0.0, 1.0, 1.0, 0.0, 0.0]",1,0,1.4285714285714286,Learning: Improving
35,"[0.0, 0.0, 0.0, 0.0, 1.0, 1.0, 0.0, 0.0]",1,0,1.3888888888888888,Learning: Improving
36,"[0.0, 0.0, 0.0, 0.0, 1.0, 1.0, 0.0, 0.0]",1,0,1.3513513513513513,Learning: Improving
37,"[0.0, 0.0, 0.0, 0.0, 1.0, 1.0, 0.0, 0.0]",1,0,1.3157894736842106,Learning: Improving
38,"[0.0, 0.0, 0.0, 0.0, 1.0, 1.0, 0.0, 0.0]",1,0,1.2820512820512822,Learning: Improving
39,"[0.0, 0.0, 0.0, 0.0, 1.0, 1.0, 0.0, 0.0]",1,0,1.25,Learning: Improving
40,"[0.0, 0.0, 0.0, 0.0, 1.0, 1.0, 0.0, 0.0]",3,0,1.2195121951219512,Learning: Improving
41,"[0.0, 0.0, 0.0, 0.0, 1.0, 1.0, 0.0, 0.0]",1,0,1.1904761904761905,Learning: Improving
42,"[0.0, 0.0, 0.0, 0.0, 1.0, 1.0, 0.0, 0.0]",1,0,1.1627906976744187,Learning: Improving
43,"[0.0, 0.0, 0.0, 0.0, 1.0, 1.0, 0.0, 0.0]",1,0,1.1363636363636365,Learning: Improving
44,"[0.0, 0.0, 0.0, 0.0, 1.0, 1.0, 0.0, 0.0]",3,0,1.1111111111111112,Learning: Improving
45,"[0.0, 0.0, 0.0, 0.0, 1.0, 1.0, 0.0, 0.0]",1,0,1.0869565217391304,Learning: Improving
46,"[0.0, 0.0, 0.0, 0.0, 1.0, 1.0, 0.0, 0.0]",1,0,1.0638297872340425,Learning: Improving
47,"[0.0, 0.0, 0.0, 0.0, 1.0, 1.0, 0.0, 0.0]",4,0,1.0416666666666667,Learning: Improving
48,"[0.0, 0.0, 0.0, 0.0, 1.0, 1.0, 0.0, 0.0]",1,0,1.0204081632653061,Learning: Improving
49,"[0.0, 0.0, 0.0, 0.0, 1.0, 1.0, 0.0, 0.0]",1,0,1.0,Learning: Improving
50,"[0.0, 0.0, 0.0, 0.0, 1.0, 1.0, 0.0, 0.0]",1,0,0.9803921568627451,Learning: Improving
51,"[0.0, 0.0, 0.0, 0.0, 1.0, 1.0, 0.0, 0.0]",5,0,0.9615384615384616,Learning: Improving
52,"[0.0, 0.0, 0.0, 0.0, 2.0, 2.0, 0.0, 0.0]",1,20.0,1.320754716981132,Learning: Improving
53,"[0.0, 0.0, 0.0, 0.0, 2.0, 2.0, 0.0, 0.0]",1,20.0,1.6666666666666667,Learning: Improving
54,"[0.0, 0.0, 0.0, 0.0, 2.0, 2.0, 0.0, 0.0]",1,20.0,2.0,Learning: Improving
55,"[0.0, 0.0, 0.0, 0.0, 2.0, 2.0, 0.0, 0.0]",1,20.0,2.3214285714285716,Learning: Improving
56,"[0.0, 0.0, 0.0, 0.0, 2.0, 2.0, 0.0, 0.0]",1,20.0,2.6315789473684212,Learning: Improving
57,"[0.0, 0.0, 0.0, 0.0, 2.0, 2.0, 0.0, 0.0]",1,20.0,2.9310344827586206,Learning: Improving
58,"[0.0, 0.0, 0.0, 0.0, 2.0, 2.0, 0.0, 0.0]",1,20.0,3.2203389830508473,Learning: Improving
59,"[0.0, 0.0, 0.0, 0.0, 2.0, 2.0, 0.0, 0.0]",1,20.0,3.5,Learning: Improving
60,"[0.0, 0.0, 0.0, 0.0, 2.0, 2.0, 0.0, 0.0]",1,20.0,3.7704918032786887,Learning: Improving
61,"[0.0, 0.0, 0.0, 0.0, 2.0, 2.0, 0.0, 0.0]",1,20.0,4.032258064516129,Learning: Improving
62,"[0.0, 0.0, 0.0, 0.0, 2.0, 2.0, 0.0, 0.0]",1,20.0,4.285714285714286,Learning: Improving
63,"[0.0, 0.0, 0.0, 0.0, 2.0, 2.0, 0.0, 0.0]",1,20.0,4.53125,Learning: Improving
64,"[0.0, 0.0, 0.0, 0.0, 2.0, 2.0, 0.0, 0.0]",1,20.0,4.769230769230769,Learning: Improving
65,"[0.0, 0.0, 0.0, 0.0, 2.0, 2.0, 0.0, 0.0]",1,20.0,5.0,Learning: Improving
66,"[0.0, 0.0, 0.0, 0.0, 2.0, 2.0, 0.0, 0.0]",1,20.0,5.223880597014926,Learning: Improving
67,"[0.0, 0.0, 0.0, 0.0, 2.0, 2.0, 0.0, 0.0]",4,-0.5,5.139705882352941,Learning: Improving
68,"[0.0, 0.0, 0.0, 0.0, 2.0, 2.0, 0.0, 0.0]",1,-0.5,5.057971014492754,Learning: Improving
69,"[0.0, 0.0, 0.0, 0.0, 2.0, 2.0, 0.0, 0.0]",1,-0.5,4.978571428571429,Learning: Improving
70,"[0.0, 0.0, 0.0, 0.0, 2.0, 2.0, 0.0, 0.0]",1,-0.5,4.901408450704225,Learning: Improving
71,"[0.0, 0.0, 0.0, 0.0, 2.0, 2.0, 0.0, 0.0]",1,-0.5,4.826388888888889,Learning: Improving
72,"[0.0, 0.0, 0.0, 0.0, 2.0, 2.0, 0.0, 0.0]",1,-0.5,4.7534246575342465,Learning: Improving
73,"[0.0, 0.0, 0.0, 0.0, 2.0, 2.0, 0.0, 0.0]",1,-0.5,4.6824324324324325,Learning: Improving
74,"[0.0, 0.0, 0.0, 0.0, 2.0, 2.0, 0.0, 0.0]",5,-0.5,4.613333333333333,Learning: Improving
75,"[0.0, 0.0, 0.0, 0.0, 2.0, 2.0, 0.0, 0.0]",1,-0.5,4.546052631578948,Learning: Improving
76,"[0.0, 0.0, 0.0, 0.0, 2.0, 2.0, 0.0, 0.0]",1,-0.5,4.48051948051948,Learning: Improving
77,"[0.0, 0.0, 0.0, 0.0, 2.0, 2.0, 0.0, 0.0]",1,-0.5,4.416666666666667,Learning: Improving
78,"[0.0, 0.0, 0.0, 0.0, 2.0, 2.0, 0.0, 0.0]",1,-0.5,4.3544303797468356,Learning: Improving
79,"[0.0, 0.0, 0.0, 0.0, 2.0, 2.0, 0.0, 0.0]",1,-0.5,4.29375,Learning: Improving
80,"[0.0, 0.0, 0.0, 0.0, 2.0, 2.0, 0.0, 0.0]",1,-0.5,4.234567901234568,Learning: Improving
81,"[0.0, 0.0, 0.0, 0.0, 2.0, 2.0, 0.0, 0.0]",1,-0.5,4.176829268292683,Learning: Improving
82,"[0.0, 0.0, 0.0, 0.0, 2.0, 2.0, 0.0, 0.0]",1,-0.5,4.120481927710843,Learning: Improving
83,"[0.0, 0.0, 0.0, 0.0, 2.0, 2.0, 0.0, 0.0]",1,-0.5,4.065476190476191,Learning: Improving
84,"[0.0, 0.0, 0.0, 0.0, 2.0, 2.0, 0.0, 0.0]",1,-0.5,4.011764705882353,Learning: Improving
85,"[0.0, 0.0, 0.0, 0.0, 2.0, 2.0, 0.0, 0.0]",1,-0.5,3.9593023255813953,Learning: Improving
86,"[0.0, 0.0, 0.0, 0.0, 2.0, 2.0, 0.0, 0.0]",1,-0.5,3.9080459770114944,Learning: Improving
87,"[0.0, 0.0, 0.0, 0.0, 2.0, 2.0, 0.0, 0.0]",1,-0.5,3.8579545454545454,Learning: Improving
88,"[0.0, 0.0, 0.0, 0.0, 2.0, 2.0, 0.0, 0.0]",1,-0.5,3.808988764044944,Learning: Improving
89,"[0.0, 0.0, 0.0, 0.0, 2.0, 2.0, 0.0, 0.0]",1,-0.5,3.761111111111111,Learning: Improving
90,"[0.0, 0.0, 0.0, 0.0, 2.0, 2.0, 0.0, 0.0]",1,-0.5,3.7142857142857144,Learning: Improving
91,"[0.0, 0.0, 0.0, 0.0, 2.0, 2.0, 0.0, 0.0]",1,-0.5,3.6684782608695654,Learning: Improving
92,"[0.0, 0.0, 0.0, 0.0, 2.0, 2.0, 0.0, 0.0]",1,-0.5,3.6236559139784945,Learning: Improving
93,"[0.0, 0.0, 0.0, 0.0, 2.0, 2.0, 0.0, 0.0]",1,-0.5,3.5797872340425534,Learning: Improving
94,"[0.0, 0.0, 0.0, 0.0, 2.0, 2.0, 0.0, 0.0]",1,-0.5,3.536842105263158,Learning: Improving
95,"[0.0, 0.0, 0.0, 0.0, 2.0, 2.0, 0.0, 0.0]",1,-0.5,3.4947916666666665,Learning: Improving
96,"[0.0, 0.0, 0.0, 0.0, 2.0, 2.0, 0.0, 0.0]",1,-0.5,3.4536082474226806,Learning: Improving
97,"[0.0, 0.0, 0.0, 0.0, 2.0, 2.0, 0.0, 0.0]",1,-0.5,3.413265306122449,Learning: Improving
98,"[0.0, 0.0, 0.0, 0.0, 2.0, 2.0, 0.0, 0.0]",1,-0.5,3.3737373737373737,Learning: Improving
99,"[0.0, 0.0, 0.0, 0.0, 2.0, 2.0, 0.0, 0.0]",1,-0.5,3.335,Learning: Improving
100,"[0.0, 0.0, 0.0, 0.0, 2.0, 2.0, 0.0, 0.0]",1,-0.5,2.83,Learning: Improving
101,"[0.0, 0.0, 0.0, 0.0, 2.0, 2.0, 0.0, 0.0]",1,-0.5,2.825,Learning: Improving
102,"[0.0, 0.0, 0.0, 0.0, 2.0, 2.0, 0.0, 0.0]",0,-0.5,2.82,Learning: Improving
103,"[0.0, 0.0, 0.0, 0.0, 3.0, 0.0, 0.0, 0.0]",1,0,2.82,Learning: Improving
104,"[0.0, 0.0, 0.0, 0.0, 3.0, 0.0, 0.0, 0.0]",1,0,2.82,Learning: Improving
105,"[0.0, 0.0, 0.0, 0.0, 3.0, 0.0, 0.0, 0.0]",1,0,2.82,Learning: Improving
106,"[0.0, 0.0, 0.0, 0.0, 3.0, 0.0, 0.0, 0.0]",1,0,2.82,Learning: Improving
107,"[0.0, 0.0, 0.0, 0.0, 3.0, 0.0, 0.0, 0.0]",1,0,2.82,Learning: Improving
108,"[0.0, 0.0, 0.0, 0.0, 3.0, 0.0, 0.0, 0.0]",1,0,2.82,Learning: Improving
109,"[0.0, 0.0, 0.0, 0.0, 3.0, 0.0, 0.0, 0.0]",1,0,2.82,Learning: Improving
110,"[0.0, 0.0, 0.0, 0.0, 3.0, 0.0, 0.0, 0.0]",1,0,2.82,Learning: Improving
111,"[0.0, 0.0, 0.0, 0.0, 3.0, 0.0, 0.0, 0.0]",2,0,2.82,Learning: Improving
112,"[0.0, 0.0, 0.0, 0.0, 3.0, 0.0, 0.0, 0.0]",1,0,2.82,Learning: Improving
113,"[0.0, 0.0, 0.0, 0.0, 3.0, 0.0, 0.0, 0.0]",1,0,2.82,Learning: Improving
114,"[0.0, 0.0, 0.0, 0.0, 3.0, 0.0, 0.0, 0.0]",1,0,2.82,Learning: Improving
115,"[0.0, 0.0, 0.0, 0.0, 3.0, 0.0, 0.0, 0.0]",1,0,2.82,Learning: Improving
116,"[0.0, 0.0, 0.0, 0.0, 3.0, 0.0, 0.0, 0.0]",1,0,2.82,Learning: Improving
117,"[0.0, 0.0, 0.0, 0.0, 3.0, 0.0, 0.0, 0.0]",1,0,2.82,Learning: Improving
118,"[0.0, 0.0, 0.0, 0.0, 3.0, 0.0, 0.0, 0.0]",1,0,2.82,Learning: Improving
119,"[0.0, 0.0, 0.0, 0.0, 3.0, 0.0, 0.0, 0.0]",1,0,2.82,Learning: Improving
120,"[0.0, 0.0, 0.0, 0.0, 3.0, 0.0, 0.0, 0.0]",1,0,2.82,Learning: Improving
121,"[0.0, 0.0, 0.0, 0.0, 3.0, 0.0, 0.0, 0.0]",1,0,2.82,Learning: Improving
122,"[0.0, 0.0, 0.0, 0.0, 3.0, 0.0, 0.0, 0.0]",1,0,2.82,Learning: Improving
123,"[0.0, 0.0, 0.0, 0.0, 3.0, 0.0, 0.0, 0.0]",1,0,2.82,Learning: Improving
124,"[0.0, 0.0, 0.0, 0.0, 3.0, 0.0, 0.0, 0.0]",1,0,2.82,Learning: Improving
125,"[0.0, 0.0, 0.0, 0.0, 3.0, 0.0, 0.0, 0.0]",1,0,2.82,Learning: Improving
126,"[0.0, 0.0, 0.0, 0.0, 3.0, 0.0, 0.0, 0.0]",1,0,2.82,Learning: Improving
127,"[0.0, 0.0, 0.0, 0.0, 3.0, 0.0, 0.0, 0.0]",1,0,2.82,Learning: Improving
128,"[0.0, 0.0, 0.0, 0.0, 3.0, 0.0, 0.0, 0.0]",1,0,2.82,Learning: Improving
129,"[0.0, 0.0, 0.0, 0.0, 3.0, 0.0, 0.0, 0.0]",1,0,2.82,Learning: Improving
130,"[0.0, 0.0, 0.0, 0.0, 3.0, 0.0, 0.0, 0.0]",1,0,2.82,Learning: Improving
131,"[0.0, 0.0, 0.0, 0.0, 3.0, 0.0, 0.0, 0.0]",1,0,2.82,Learning: Improving
132,"[0.0, 0.0, 0.0, 0.0, 3.0, 0.0, 0.0, 0.0]",1,0,2.82,Learning: Improving
133,"[0.0, 0.0, 0.0, 0.0, 3.0, 0.0, 0.0, 0.0]",1,0,2.82,Learning: Improving
134,"[0.0, 0.0, 0.0, 0.0, 3.0, 0.0, 0.0, 0.0]",1,0,2.82,Learning: Improving
135,"[0.0, 0.0, 0.0, 0.0, 3.0, 0.0, 0.0, 0.0]",1,0,2.82,Learning: Improving
136,"[0.0, 0.0, 0.0, 0.0, 3.0, 0.0, 0.0, 0.0]",1,0,2.82,Learning: Improving
137,"[0.0, 0.0, 0.0, 0.0, 3.0, 0.0, 0.0, 0.0]",1,0,2.82,Learning: Improving
138,"[0.0, 0.0, 0.0, 0.0, 3.0, 0.0, 0.0, 0.0]",1,0,2.82,Learning: Improving
139,"[0.0, 0.0, 0.0, 0.0, 3.0, 0.0, 0.0, 0.0]",1,0,2.82,Learning: Improving
140,"[0.0, 0.0, 0.0, 0.0, 3.0, 0.0, 0.0, 0.0]",1,0,2.82,Learning: Improving
141,"[0.0, 0.0, 0.0, 0.0, 3.0, 0.0, 0.0, 0.0]",1,0,2.82,Learning: Improving
142,"[0.0, 0.0, 0.0, 0.0, 3.0, 0.0, 0.0, 0.0]",1,0,2.82,Learning: Improving
143,"[0.0, 0.0, 0.0, 0.0, 3.0, 0.0, 0.0, 0.0]",1,0,2.82,Learning: Improving
144,"[0.0, 0.0, 0.0, 0.0, 3.0, 0.0, 0.0, 0.0]",1,0,2.82,Learning: Improving
145,"[0.0, 0.0, 0.0, 0.0, 3.0, 0.0, 0.0, 0.0]",1,0,2.82,Learning: Improving
146,"[0.0, 0.0, 0.0, 0.0, 3.0, 0.0, 0.0, 0.0]",1,0,2.82,Learning: Improving
147,"[0.0, 0.0, 0.0, 0.0, 3.0, 0.0, 0.0, 0.0]",1,0,2.82,Learning: Improving
148,"[0.0, 0.0, 0.0, 0.0, 3.0, 0.0, 0.0, 0.0]",1,0,2.82,Learning: Improving
149,"[0.0, 0.0, 0.0, 0.0, 3.0, 0.0, 0.0, 0.0]",1,0,2.82,Learning: Improving
150,"[0.0, 0.0, 0.0, 0.0, 3.0, 0.0, 0.0, 0.0]",0,0,2.82,Learning: Improving
151,"[0.0, 0.0, 0.0, 0.0, 3.0, 0.0, 0.0, 0.0]",1,0,2.82,Learning: Improving
152,"[0.0, 0.0, 0.0, 0.0, 3.0, 0.0, 0.0, 0.0]",1,0,2.62,Learning: Improving
153,"[0.0, 0.0, 0.0, 0.0, 3.0, 0.0, 0.0, 0.0]",1,0,2.42,Learning: Improving
154,"[0, 0, 0, 0, 4, 1, 0, 0]",1,0,2.22,Learning: Improving
155,"[0, 0, 0, 0, 4, 1, 0, 0]",1,0,2.02,Learning: Improving
156,"[0, 0, 0, 0, 4, 1, 0, 0]",1,0,1.82,Learning: Improving
157,"[0, 0, 0, 0, 4, 1, 0, 0]",1,0,1.62,Learning: Improving
158,"[0, 0, 0, 0, 4, 1, 0, 0]",1,0,1.42,Learning: Improving
159,"[0, 0, 0, 0, 4, 1, 0, 0]",1,0,1.22,Learning: Improving
160,"[0, 0, 0, 0, 4, 1, 0, 0]",1,0,1.02,Learning: Improving
161,"[0, 0, 0, 0, 4, 1, 0, 0]",1,0,0.82,Learning: Improving
162,"[0, 0, 0, 0, 4, 1, 0, 0]",1,0,0.62,Learning: Improving
163,"[0, 0, 0, 0, 4, 1, 0, 0]",1,0,0.42,Learning: Improving
164,"[0, 0, 0, 0, 4, 1, 0, 0]",1,0,0.22,Learning: Improving
165,"[0, 0, 0, 0, 4, 1, 0, 0]",1,0,0.02,Learning: Improving
166,"[0, 0, 0, 0, 4, 1, 0, 0]",1,0,-0.18,Learning: Struggling
167,"[0, 0, 0, 0, 4, 1, 0, 0]",1,0,-0.175,Learning: Struggling
168,"[0, 0, 0, 0, 4, 1, 0, 0]",1,0,-0.17,Learning: Struggling
169,"[0, 0, 0, 0, 4, 1, 0, 0]",1,0,-0.165,Learning: Struggling
170,"[0, 0, 0, 0, 4, 1, 0, 0]",1,0,-0.16,Learning: Struggling
171,"[0, 0, 0, 0, 4, 1, 0, 0]",1,0,-0.155,Learning: Struggling
172,"[0, 0, 0, 0, 4, 1, 0, 0]",1,0,-0.15,Learning: Struggling
173,"[0, 0, 0, 0, 4, 1, 0, 0]",1,0,-0.145,Learning: Struggling
174,"[0, 0, 0, 0, 4, 1, 0, 0]",1,0,-0.14,Learning: Struggling
175,"[0, 0, 0, 0, 4, 1, 0, 0]",5,10,-0.035,Learning: Struggling
0,"[370.0, 292.0, 380.0, 258.0, 0.0, 0.0, 0.2, 1.0]",3,50.0,50.0,Learning: Improving
1,"[0.0, 0.0, 0.0, 0.0, 1.0, 1.0, 0.0, 0.0]",1,0,25.0,Learning: Improving
2,"[0.0, 0.0, 0.0, 0.0, 1.0, 1.0, 0.0, 0.0]",1,0,16.666666666666668,Learning: Improving
3,"[0.0, 0.0, 0.0, 0.0, 1.0, 1.0, 0.0, 0.0]",1,0,12.5,Learning: Improving
4,"[0.0, 0.0, 0.0, 0.0, 1.0, 1.0, 0.0, 0.0]",1,0,10.0,Learning: Improving
5,"[0.0, 0.0, 0.0, 0.0, 1.0, 1.0, 0.0, 0.0]",1,0,8.333333333333334,Learning: Improving
6,"[0.0, 0.0, 0.0, 0.0, 1.0, 1.0, 0.0, 0.0]",1,0,7.142857142857143,Learning: Improving
7,"[0.0, 0.0, 0.0, 0.0, 1.0, 1.0, 0.0, 0.0]",1,0,6.25,Learning: Improving
8,"[0.0, 0.0, 0.0, 0.0, 1.0, 1.0, 0.0, 0.0]",1,0,5.555555555555555,Learning: Improving
9,"[0.0, 0.0, 0.0, 0.0, 1.0, 1.0, 0.0, 0.0]",1,0,5.0,Learning: Improving
10,"[0.0, 0.0, 0.0, 0.0, 1.0, 1.0, 0.0, 0.0]",1,0,4.545454545454546,Learning: Improving
11,"[0.0, 0.0, 0.0, 0.0, 1.0, 1.0, 0.0, 0.0]",1,0,4.166666666666667,Learning: Improving
12,"[0.0, 0.0, 0.0, 0.0, 1.0, 1.0, 0.0, 0.0]",1,0,3.8461538461538463,Learning: Improving
13,"[0.0, 0.0, 0.0, 0.0, 1.0, 1.0, 0.0, 0.0]",1,0,3.5714285714285716,Learning: Improving
14,"[0.0, 0.0, 0.0, 0.0, 1.0, 1.0, 0.0, 0.0]",1,0,3.3333333333333335,Learning: Improving
15,"[0.0, 0.0, 0.0, 0.0, 1.0, 1.0, 0.0, 0.0]",1,0,3.125,Learning: Improving
16,"[0.0, 0.0, 0.0, 0.0, 1.0, 1.0, 0.0, 0.0]",1,0,2.9411764705882355,Learning: Improving
17,"[0.0, 0.0, 0.0, 0.0, 1.0, 1.0, 0.0, 0.0]",1,0,2.7777777777777777,Learning: Improving
18,"[0.0, 0.0, 0.0, 0.0, 1.0, 1.0, 0.0, 0.0]",1,0,2.6315789473684212,Learning: Improving
19,"[0.0, 0.0, 0.0, 0.0, 1.0, 1.0, 0.0, 0.0]",1,0,2.5,Learning: Improving
20,"[0.0, 0.0, 0.0, 0.0, 1.0, 1.0, 0.0, 0.0]",1,0,2.380952380952381,Learning: Improving
21,"[0.0, 0.0, 0.0, 0.0, 1.0, 1.0, 0.0, 0.0]",3,0,2.272727272727273,Learning: Improving
22,"[0.0, 0.0, 0.0, 0.0, 1.0, 1.0, 0.0, 0.0]",1,0,2.1739130434782608,Learning: Improving
23,"[0.0, 0.0, 0.0, 0.0, 1.0, 1.0, 0.0, 0.0]",4,0,2.0833333333333335,Learning: Improving
24,"[0.0, 0.0, 0.0, 0.0, 1.0, 1.0, 0.0, 0.0]",1,0,2.0,Learning: Improving
25,"[0.0, 0.0, 0.0, 0.0, 1.0, 1.0, 0.0, 0.0]",1,0,1.9230769230769231,Learning: Improving
26,"[0.0, 0.0, 0.0, 0.0, 1.0, 1.0, 0.0, 0.0]",1,0,1.8518518518518519,Learning: Improving
27,"[0.0, 0.0, 0.0, 0.0, 1.0, 1.0, 0.0, 0.0]",1,0,1.7857142857142858,Learning: Improving
28,"[0.0, 0.0, 0.0, 0.0, 1.0, 1.0, 0.0, 0.0]",1,0,1.7241379310344827,Learning: Improving
29,"[0.0, 0.0, 0.0, 0.0, 1.0, 1.0, 0.0, 0.0]",0,0,1.6666666666666667,Learning: Improving
30,"[0.0, 0.0, 0.0, 0.0, 1.0, 1.0, 0.0, 0.0]",1,0,1.6129032258064515,Learning: Improving
31,"[0.0, 0.0, 0.0, 0.0, 1.0, 1.0, 0.0, 0.0]",0,0,1.5625,Learning: Improving
32,"[0.0, 0.0, 0.0, 0.0, 1.0, 1.0, 0.0, 0.0]",1,0,1.5151515151515151,Learning: Improving
33,"[0.0, 0.0, 0.0, 0.0, 1.0, 1.0, 0.0, 0.0]",1,0,1.4705882352941178,Learning: Improving
34,"[0.0, 0.0, 0.0, 0.0, 1.0, 1.0, 0.0, 0.0]",1,0,1.4285714285714286,Learning: Improving
35,"[0.0, 0.0, 0.0, 0.0, 1.0, 1.0, 0.0, 0.0]",1,0,1.3888888888888888,Learning: Improving
36,"[0.0, 0.0, 0.0, 0.0, 1.0, 1.0, 0.0, 0.0]",1,0,1.3513513513513513,Learning: Improving
37,"[0.0, 0.0, 0.0, 0.0, 1.0, 1.0, 0.0, 0.0]",1,0,1.3157894736842106,Learning: Improving
38,"[0.0, 0.0, 0.0, 0.0, 1.0, 1.0, 0.0, 0.0]",1,0,1.2820512820512822,Learning: Improving
39,"[0.0, 0.0, 0.0, 0.0, 1.0, 1.0, 0.0, 0.0]",1,0,1.25,Learning: Improving
40,"[0.0, 0.0, 0.0, 0.0, 1.0, 1.0, 0.0, 0.0]",1,0,1.2195121951219512,Learning: Improving
41,"[0.0, 0.0, 0.0, 0.0, 1.0, 1.0, 0.0, 0.0]",1,0,1.1904761904761905,Learning: Improving
42,"[0.0, 0.0, 0.0, 0.0, 1.0, 1.0, 0.0, 0.0]",1,0,1.1627906976744187,Learning: Improving
43,"[0.0, 0.0, 0.0, 0.0, 1.0, 1.0, 0.0, 0.0]",0,0,1.1363636363636365,Learning: Improving
44,"[0.0, 0.0, 0.0, 0.0, 1.0, 1.0, 0.0, 0.0]",1,0,1.1111111111111112,Learning: Improving
45,"[0.0, 0.0, 0.0, 0.0, 1.0, 1.0, 0.0, 0.0]",1,0,1.0869565217391304,Learning: Improving
46,"[0.0, 0.0, 0.0, 0.0, 1.0, 1.0, 0.0, 0.0]",1,0,1.0638297872340425,Learning: Improving
47,"[0.0, 0.0, 0.0, 0.0, 1.0, 1.0, 0.0, 0.0]",1,0,1.0416666666666667,Learning: Improving
48,"[0.0, 0.0, 0.0, 0.0, 1.0, 1.0, 0.0, 0.0]",1,0,1.0204081632653061,Learning: Improving
49,"[0.0, 0.0, 0.0, 0.0, 1.0, 1.0, 0.0, 0.0]",1,0,1.0,Learning: Improving
50,"[0.0, 0.0, 0.0, 0.0, 1.0, 1.0, 0.0, 0.0]",1,0,0.9803921568627451,Learning: Improving
51,"[0.0, 0.0, 0.0, 0.0, 1.0, 1.0, 0.0, 0.0]",1,0,0.9615384615384616,Learning: Improving
52,"[0.0, 0.0, 0.0, 0.0, 2.0, 2.0, 0.0, 0.0]",3,20.0,1.320754716981132,Learning: Improving
53,"[0.0, 0.0, 0.0, 0.0, 2.0, 2.0, 0.0, 0.0]",3,20.0,1.6666666666666667,Learning: Improving
54,"[0.0, 0.0, 0.0, 0.0, 2.0, 2.0, 0.0, 0.0]",3,20.0,2.0,Learning: Improving
55,"[0.0, 0.0, 0.0, 0.0, 2.0, 2.0, 0.0, 0.0]",3,20.0,2.3214285714285716,Learning: Improving
56,"[0.0, 0.0, 0.0, 0.0, 2.0, 2.0, 0.0, 0.0]",3,20.0,2.6315789473684212,Learning: Improving
57,"[0.0, 0.0, 0.0, 0.0, 2.0, 2.0, 0.0, 0.0]",3,20.0,2.9310344827586206,Learning: Improving
58,"[0.0, 0.0, 0.0, 0.0, 2.0, 2.0, 0.0, 0.0]",3,20.0,3.2203389830508473,Learning: Improving
59,"[0.0, 0.0, 0.0, 0.0, 2.0, 2.0, 0.0, 0.0]",3,20.0,3.5,Learning: Improving
60,"[0.0, 0.0, 0.0, 0.0, 2.0, 2.0, 0.0, 0.0]",3,20.0,3.7704918032786887,Learning: Improving
61,"[0.0, 0.0, 0.0, 0.0, 2.0, 2.0, 0.0, 0.0]",3,20.0,4.032258064516129,Learning: Improving
62,"[0.0, 0.0, 0.0, 0.0, 2.0, 2.0, 0.0, 0.0]",3,20.0,4.285714285714286,Learning: Improving
63,"[0.0, 0.0, 0.0, 0.0, 2.0, 2.0, 0.0, 0.0]",3,20.0,4.53125,Learning: Improving
64,"[0.0, 0.0, 0.0, 0.0, 2.0, 2.0, 0.0, 0.0]",3,20.0,4.769230769230769,Learning: Improving
65,"[0.0, 0.0, 0.0, 0.0, 2.0, 2.0, 0.0, 0.0]",3,20.0,5.0,Learning: Improving
66,"[0.0, 0.0, 0.0, 0.0, 2.0, 2.0, 0.0, 0.0]",3,20.0,5.223880597014926,Learning: Improving
67,"[0.0, 0.0, 0.0, 0.0, 2.0, 2.0, 0.0, 0.0]",3,20.0,5.4411764705882355,Learning: Improving
68,"[0.0, 0.0, 0.0, 0.0, 2.0, 2.0, 0.0, 0.0]",3,20.0,5.6521739130434785,Learning: Improving
69,"[0.0, 0.0, 0.0, 0.0, 2.0, 2.0, 0.0, 0.0]",3,20.0,5.857142857142857,Learning: Improving
70,"[0.0, 0.0, 0.0, 0.0, 2.0, 2.0, 0.0, 0.0]",3,20.0,6.056338028169014,Learning: Improving
71,"[0.0, 0.0, 0.0, 0.0, 2.0, 2.0, 0.0, 0.0]",3,20.0,6.25,Learning: Improving
72,"[0.0, 0.0, 0.0, 0.0, 2.0, 2.0, 0.0, 0.0]",3,20.0,6.438356164383562,Learning: Improving
73,"[0.0, 0.0, 0.0, 0.0, 2.0, 2.0, 0.0, 0.0]",3,20.0,6.621621621621622,Learning: Improving
74,"[0.0, 0.0, 0.0, 0.0, 2.0, 2.0, 0.0, 0.0]",3,20.0,6.8,Learning: Improving
75,"[0.0, 0.0, 0.0, 0.0, 2.0, 2.0, 0.0, 0.0]",3,20.0,6.973684210526316,Learning: Improving
76,"[0.0, 0.0, 0.0, 0.0, 2.0, 2.0, 0.0, 0.0]",3,20.0,7.142857142857143,Learning: Improving
77,"[0.0, 0.0, 0.0, 0.0, 2.0, 2.0, 0.0, 0.0]",3,20.0,7.3076923076923075,Learning: Improving
78,"[0.0, 0.0, 0.0, 0.0, 2.0, 2.0, 0.0, 0.0]",3,20.0,7.468354430379747,Learning: Improving
79,"[0.0, 0.0, 0.0, 0.0, 2.0, 2.0, 0.0, 0.0]",3,20.0,7.625,Learning: Improving
80,"[0.0, 0.0, 0.0, 0.0, 2.0, 2.0, 0.0, 0.0]",3,20.0,7.777777777777778,Learning: Improving
81,"[0.0, 0.0, 0.0, 0.0, 2.0, 2.0, 0.0, 0.0]",3,20.0,7.926829268292683,Learning: Improving
82,"[0.0, 0.0, 0.0, 0.0, 2.0, 2.0, 0.0, 0.0]",3,20.0,8.072289156626505,Learning: Improving
83,"[0.0, 0.0, 0.0, 0.0, 2.0, 2.0, 0.0, 0.0]",3,20.0,8.214285714285714,Learning: Improving
84,"[0.0, 0.0, 0.0, 0.0, 2.0, 2.0, 0.0, 0.0]",3,20.0,8.352941176470589,Learning: Improving
85,"[0.0, 0.0, 0.0, 0.0, 2.0, 2.0, 0.0, 0.0]",3,20.0,8.488372093023257,Learning: Improving
86,"[0.0, 0.0, 0.0, 0.0, 2.0, 2.0, 0.0, 0.0]",4,-0.5,8.385057471264368,Learning: Improving
87,"[0.0, 0.0, 0.0, 0.0, 2.0, 2.0, 0.0, 0.0]",3,-0.5,8.284090909090908,Learning: Improving
88,"[0.0, 0.0, 0.0, 0.0, 2.0, 2.0, 0.0, 0.0]",3,-0.5,8.185393258426966,Learning: Improving
89,"[0.0, 0.0, 0.0, 0.0, 2.0, 2.0, 0.0, 0.0]",3,-0.5,8.088888888888889,Learning: Improving
90,"[0.0, 0.0, 0.0, 0.0, 2.0, 2.0, 0.0, 0.0]",0,-0.5,7.9945054945054945,Learning: Improving
91,"[0.0, 0.0, 0.0, 0.0, 2.0, 2.0, 0.0, 0.0]",3,-0.5,7.9021739130434785,Learning: Improving
92,"[0.0, 0.0, 0.0, 0.0, 2.0, 2.0, 0.0, 0.0]",3,-0.5,7.811827956989247,Learning: Improving
93,"[0.0, 0.0, 0.0, 0.0, 2.0, 2.0, 0.0, 0.0]",3,-0.5,7.723404255319149,Learning: Improving
94,"[0.0, 0.0, 0.0, 0.0, 2.0, 2.0, 0.0, 0.0]",3,-0.5,7.636842105263158,Learning: Improving
95,"[0.0, 0.0, 0.0, 0.0, 2.0, 2.0, 0.0, 0.0]",3,-0.5,7.552083333333333,Learning: Improving
96,"[0.0, 0.0, 0.0, 0.0, 2.0, 2.0, 0.0, 0.0]",3,-0.5,7.469072164948454,Learning: Improving
97,"[0.0, 0.0, 0.0, 0.0, 2.0, 2.0, 0.0, 0.0]",3,-0.5,7.387755102040816,Learning: Improving
98,"[0.0, 0.0, 0.0, 0.0, 2.0, 2.0, 0.0, 0.0]",3,-0.5,7.308080808080808,Learning: Improving
99,"[0.0, 0.0, 0.0, 0.0, 2.0, 2.0, 0.0, 0.0]",3,-0.5,7.23,Learning: Improving
100,"[0.0, 0.0, 0.0, 0.0, 2.0, 2.0, 0.0, 0.0]",3,-0.5,6.725,Learning: Improving
101,"[0.0, 0.0, 0.0, 0.0, 2.0, 2.0, 0.0, 0.0]",3,-0.5,6.72,Learning: Improving
102,"[0.0, 0.0, 0.0, 0.0, 2.0, 2.0, 0.0, 0.0]",3,-0.5,6.715,Learning: Improving
103,"[0.0, 0.0, 0.0, 0.0, 3.0, 0.0, 0.0, 0.0]",3,0,6.715,Learning: Improving
104,"[0.0, 0.0, 0.0, 0.0, 3.0, 0.0, 0.0, 0.0]",3,0,6.715,Learning: Improving
105,"[0.0, 0.0, 0.0, 0.0, 3.0, 0.0, 0.0, 0.0]",3,0,6.715,Learning: Improving
106,"[0.0, 0.0, 0.0, 0.0, 3.0, 0.0, 0.0, 0.0]",3,0,6.715,Learning: Improving
107,"[0.0, 0.0, 0.0, 0.0, 3.0, 0.0, 0.0, 0.0]",3,0,6.715,Learning: Improving
108,"[0.0, 0.0, 0.0, 0.0, 3.0, 0.0, 0.0, 0.0]",3,0,6.715,Learning: Improving
109,"[0.0, 0.0, 0.0, 0.0, 3.0, 0.0, 0.0, 0.0]",3,0,6.715,Learning: Improving
110,"[0.0, 0.0, 0.0, 0.0, 3.0, 0.0, 0.0, 0.0]",3,0,6.715,Learning: Improving
111,"[0.0, 0.0, 0.0, 0.0, 3.0, 0.0, 0.0, 0.0]",3,0,6.715,Learning: Improving
112,"[0.0, 0.0, 0.0, 0.0, 3.0, 0.0, 0.0, 0.0]",3,0,6.715,Learning: Improving
113,"[0.0, 0.0, 0.0, 0.0, 3.0, 0.0, 0.0, 0.0]",3,0,6.715,Learning: Improving
114,"[0.0, 0.0, 0.0, 0.0, 3.0, 0.0, 0.0, 0.0]",3,0,6.715,Learning: Improving
115,"[0.0, 0.0, 0.0, 0.0, 3.0, 0.0, 0.0, 0.0]",3,0,6.715,Learning: Improving
116,"[0.0, 0.0, 0.0, 0.0, 3.0, 0.0, 0.0, 0.0]",3,0,6.715,Learning: Improving
117,"[0.0, 0.0, 0.0, 0.0, 3.0, 0.0, 0.0, 0.0]",3,0,6.715,Learning: Improving
118,"[0.0, 0.0, 0.0, 0.0, 3.0, 0.0, 0.0, 0.0]",3,0,6.715,Learning: Improving
119,"[0.0, 0.0, 0.0, 0.0, 3.0, 0.0, 0.0, 0.0]",3,0,6.715,Learning: Improving
120,"[0.0, 0.0, 0.0, 0.0, 3.0, 0.0, 0.0, 0.0]",3,0,6.715,Learning: Improving
121,"[0.0, 0.0, 0.0, 0.0, 3.0, 0.0, 0.0, 0.0]",3,0,6.715,Learning: Improving
122,"[0.0, 0.0, 0.0, 0.0, 3.0, 0.0, 0.0, 0.0]",3,0,6.715,Learning: Improving
123,"[0.0, 0.0, 0.0, 0.0, 3.0, 0.0, 0.0, 0.0]",3,0,6.715,Learning: Improving
124,"[0.0, 0.0, 0.0, 0.0, 3.0, 0.0, 0.0, 0.0]",3,0,6.715,Learning: Improving
125,"[0.0, 0.0, 0.0, 0.0, 3.0, 0.0, 0.0, 0.0]",3,0,6.715,Learning: Improving
126,"[0.0, 0.0, 0.0, 0.0, 3.0, 0.0, 0.0, 0.0]",3,0,6.715,Learning: Improving
127,"[0.0, 0.0, 0.0, 0.0, 3.0, 0.0, 0.0, 0.0]",3,0,6.715,Learning: Improving
128,"[0.0, 0.0, 0.0, 0.0, 3.0, 0.0, 0.0, 0.0]",3,0,6.715,Learning: Improving
129,"[0.0, 0.0, 0.0, 0.0, 3.0, 0.0, 0.0, 0.0]",3,0,6.715,Learning: Improving
130,"[0.0, 0.0, 0.0, 0.0, 3.0, 0.0, 0.0, 0.0]",3,0,6.715,Learning: Improving
131,"[0.0, 0.0, 0.0, 0.0, 3.0, 0.0, 0.0, 0.0]",3,0,6.715,Learning: Improving
132,"[0.0, 0.0, 0.0, 0.0, 3.0, 0.0, 0.0, 0.0]",3,0,6.715,Learning: Improving
133,"[0.0, 0.0, 0.0, 0.0, 3.0, 0.0, 0.0, 0.0]",3,0,6.715,Learning: Improving
134,"[0.0, 0.0, 0.0, 0.0, 3.0, 0.0, 0.0, 0.0]",3,0,6.715,Learning: Improving
135,"[0.0, 0.0, 0.0, 0.0, 3.0, 0.0, 0.0, 0.0]",4,0,6.715,Learning: Improving
136,"[0.0, 0.0, 0.0, 0.0, 3.0, 0.0, 0.0, 0.0]",3,0,6.715,Learning: Improving
137,"[0.0, 0.0, 0.0, 0.0, 3.0, 0.0, 0.0, 0.0]",3,0,6.715,Learning: Improving
138,"[0.0, 0.0, 0.0, 0.0, 3.0, 0.0, 0.0, 0.0]",3,0,6.715,Learning: Improving
139,"[0.0, 0.0, 0.0, 0.0, 3.0, 0.0, 0.0, 0.0]",3,0,6.715,Learning: Improving
140,"[0.0, 0.0, 0.0, 0.0, 3.0, 0.0, 0.0, 0.0]",3,0,6.715,Learning: Improving
141,"[0.0, 0.0, 0.0, 0.0, 3.0, 0.0, 0.0, 0.0]",3,0,6.715,Learning: Improving
142,"[0.0, 0.0, 0.0, 0.0, 3.0, 0.0, 0.0, 0.0]",3,0,6.715,Learning: Improving
143,"[0.0, 0.0, 0.0, 0.0, 3.0, 0.0, 0.0, 0.0]",3,0,6.715,Learning: Improving
144,"[0.0, 0.0, 0.0, 0.0, 3.0, 0.0, 0.0, 0.0]",3,0,6.715,Learning: Improving
145,"[0.0, 0.0, 0.0, 0.0, 3.0, 0.0, 0.0, 0.0]",3,0,6.715,Learning: Improving
146,"[0.0, 0.0, 0.0, 0.0, 3.0, 0.0, 0.0, 0.0]",3,0,6.715,Learning: Improving
147,"[0.0, 0.0, 0.0, 0.0, 3.0, 0.0, 0.0, 0.0]",3,0,6.715,Learning: Improving
148,"[0.0, 0.0, 0.0, 0.0, 3.0, 0.0, 0.0, 0.0]",3,0,6.715,Learning: Improving
149,"[0.0, 0.0, 0.0, 0.0, 3.0, 0.0, 0.0, 0.0]",3,0,6.715,Learning: Improving
150,"[0.0, 0.0, 0.0, 0.0, 3.0, 0.0, 0.0, 0.0]",3,0,6.715,Learning: Improving
151,"[0.0, 0.0, 0.0, 0.0, 3.0, 0.0, 0.0, 0.0]",3,0,6.715,Learning: Improving
152,"[0.0, 0.0, 0.0, 0.0, 3.0, 0.0, 0.0, 0.0]",3,0,6.515,Learning: Improving
153,"[0.0, 0.0, 0.0, 0.0, 3.0, 0.0, 0.0, 0.0]",3,0,6.315,Learning: Improving
154,"[0, 0, 0, 0, 4, 1, 0, 0]",3,0,6.115,Learning: Improving
155,"[0, 0, 0, 0, 4, 1, 0, 0]",3,0,5.915,Learning: Improving
156,"[0, 0, 0, 0, 4, 1, 0, 0]",2,0,5.715,Learning: Improving
157,"[0, 0, 0, 0, 4, 1, 0, 0]",3,0,5.515,Learning: Improving
158,"[0, 0, 0, 0, 4, 1, 0, 0]",3,0,5.315,Learning: Improving
159,"[0, 0, 0, 0, 4, 1, 0, 0]",3,0,5.115,Learning: Improving
160,"[0, 0, 0, 0, 4, 1, 0, 0]",3,0,4.915,Learning: Improving
161,"[0, 0, 0, 0, 4, 1, 0, 0]",3,0,4.715,Learning: Improving
162,"[0, 0, 0, 0, 4, 1, 0, 0]",3,0,4.515,Learning: Improving
163,"[0, 0, 0, 0, 4, 1, 0, 0]",3,0,4.315,Learning: Improving
164,"[0, 0, 0, 0, 4, 1, 0, 0]",3,0,4.115,Learning: Improving
165,"[0, 0, 0, 0, 4, 1, 0, 0]",5,10,4.015,Learning: Improving
0,"[372.0, 382.0, 378.0, 168.0, 0.0, 0.0, 0.2, 1.0, 0.0, 0.0]",3,50.0,50.0,Learning: Improving
1,"[0.0, 0.0, 0.0, 0.0, 1.0, 1.0, 0.0, 0.0, 0.0, 0.0]",2,0,25.0,Learning: Improving
2,"[0.0, 0.0, 0.0, 0.0, 1.0, 1.0, 0.0, 0.0, 0.0, 0.0]",1,0,16.666666666666668,Learning: Improving
3,"[0.0, 0.0, 0.0, 0.0, 1.0, 1.0, 0.0, 0.0, 0.0, 0.0]",5,0,12.5,Learning: Improving
4,"[0.0, 0.0, 0.0, 0.0, 1.0, 1.0, 0.0, 0.0, 0.0, 0.0]",3,0,10.0,Learning: Improving
5,"[0.0, 0.0, 0.0, 0.0, 1.0, 1.0, 0.0, 0.0, 0.0, 0.0]",5,0,8.333333333333334,Learning: Improving
6,"[0.0, 0.0, 0.0, 0.0, 1.0, 1.0, 0.0, 0.0, 0.0, 0.0]",1,0,7.142857142857143,Learning: Improving
7,"[0.0, 0.0, 0.0, 0.0, 1.0, 1.0, 0.0, 0.0, 0.0, 0.0]",4,0,6.25,Learning: Improving
8,"[0.0, 0.0, 0.0, 0.0, 1.0, 1.0, 0.0, 0.0, 0.0, 0.0]",0,0,5.555555555555555,Learning: Improving
9,"[0.0, 0.0, 0.0, 0.0, 1.0, 1.0, 0.0, 0.0, 0.0, 0.0]",2,0,5.0,Learning: Improving
10,"[0.0, 0.0, 0.0, 0.0, 1.0, 1.0, 0.0, 0.0, 0.0, 0.0]",0,0,4.545454545454546,Learning: Improving
11,"[0.0, 0.0, 0.0, 0.0, 1.0, 1.0, 0.0, 0.0, 0.0, 0.0]",2,0,4.166666666666667,Learning: Improving
12,"[0.0, 0.0, 0.0, 0.0, 1.0, 1.0, 0.0, 0.0, 0.0, 0.0]",1,0,3.8461538461538463,Learning: Improving
13,"[0.0, 0.0, 0.0, 0.0, 1.0, 1.0, 0.0, 0.0, 0.0, 0.0]",2,0,3.5714285714285716,Learning: Improving
14,"[0.0, 0.0, 0.0, 0.0, 1.0, 1.0, 0.0, 0.0, 0.0, 0.0]",5,0,3.3333333333333335,Learning: Improving
15,"[0.0, 0.0, 0.0, 0.0, 1.0, 1.0, 0.0, 0.0, 0.0, 0.0]",1,0,3.125,Learning: Improving
16,"[0.0, 0.0, 0.0, 0.0, 1.0, 1.0, 0.0, 0.0, 0.0, 0.0]",3,0,2.9411764705882355,Learning: Improving
17,"[0.0, 0.0, 0.0, 0.0, 1.0, 1.0, 0.0, 0.0, 0.0, 0.0]",2,0,2.7777777777777777,Learning: Improving
18,"[0.0, 0.0, 0.0, 0.0, 1.0, 1.0, 0.0, 0.0, 0.0, 0.0]",0,0,2.6315789473684212,Learning: Improving
19,"[0.0, 0.0, 0.0, 0.0, 1.0, 1.0, 0.0, 0.0, 0.0, 0.0]",0,0,2.5,Learning: Improving
20,"[0.0, 0.0, 0.0, 0.0, 1.0, 1.0, 0.0, 0.0, 0.0, 0.0]",3,0,2.380952380952381,Learning: Improving
21,"[0.0, 0.0, 0.0, 0.0, 1.0, 1.0, 0.0, 0.0, 0.0, 0.0]",2,0,2.272727272727273,Learning: Improving
22,"[0.0, 0.0, 0.0, 0.0, 1.0, 1.0, 0.0, 0.0, 0.0, 0.0]",0,0,2.1739130434782608,Learning: Improving
23,"[0.0, 0.0, 0.0, 0.0, 1.0, 1.0, 0.0, 0.0, 0.0, 0.0]",0,0,2.0833333333333335,Learning: Improving
24,"[0.0, 0.0, 0.0, 0.0, 1.0, 1.0, 0.0, 0.0, 0.0, 0.0]",2,0,2.0,Learning: Improving
25,"[0.0, 0.0, 0.0, 0.0, 1.0, 1.0, 0.0, 0.0, 0.0, 0.0]",0,0,1.9230769230769231,Learning: Improving
26,"[0.0, 0.0, 0.0, 0.0, 1.0, 1.0, 0.0, 0.0, 0.0, 0.0]",2,0,1.8518518518518519,Learning: Improving
27,"[0.0, 0.0, 0.0, 0.0, 1.0, 1.0, 0.0, 0.0, 0.0, 0.0]",5,0,1.7857142857142858,Learning: Improving
28,"[0.0, 0.0, 0.0, 0.0, 1.0, 1.0, 0.0, 0.0, 0.0, 0.0]",5,0,1.7241379310344827,Learning: Improving
29,"[0.0, 0.0, 0.0, 0.0, 1.0, 1.0, 0.0, 0.0, 0.0, 0.0]",0,0,1.6666666666666667,Learning: Improving
30,"[0.0, 0.0, 0.0, 0.0, 1.0, 1.0, 0.0, 0.0, 0.0, 0.0]",0,0,1.6129032258064515,Learning: Improving
31,"[0.0, 0.0, 0.0, 0.0, 1.0, 1.0, 0.0, 0.0, 0.0, 0.0]",5,0,1.5625,Learning: Improving
32,"[0.0, 0.0, 0.0, 0.0, 1.0, 1.0, 0.0, 0.0, 0.0, 0.0]",0,0,1.5151515151515151,Learning: Improving
33,"[0.0, 0.0, 0.0, 0.0, 1.0, 1.0, 0.0, 0.0, 0.0, 0.0]",1,0,1.4705882352941178,Learning: Improving
34,"[0.0, 0.0, 0.0, 0.0, 1.0, 1.0, 0.0, 0.0, 0.0, 0.0]",3,0,1.4285714285714286,Learning: Improving
35,"[0.0, 0.0, 0.0, 0.0, 1.0, 1.0, 0.0, 0.0, 0.0, 0.0]",4,0,1.3888888888888888,Learning: Improving
36,"[0.0, 0.0, 0.0, 0.0, 1.0, 1.0, 0.0, 0.0, 0.0, 0.0]",4,0,1.3513513513513513,Learning: Improving
37,"[0.0, 0.0, 0.0, 0.0, 1.0, 1.0, 0.0, 0.0, 0.0, 0.0]",2,0,1.3157894736842106,Learning: Improving
38,"[0.0, 0.0, 0.0, 0.0, 1.0, 1.0, 0.0, 0.0, 0.0, 0.0]",2,0,1.2820512820512822,Learning: Improving
39,"[0.0, 0.0, 0.0, 0.0, 1.0, 1.0, 0.0, 0.0, 0.0, 0.0]",3,0,1.25,Learning: Improving
40,"[0.0, 0.0, 0.0, 0.0, 1.0, 1.0, 0.0, 0.0, 0.0, 0.0]",4,0,1.2195121951219512,Learning: Improving
41,"[0.0, 0.0, 0.0, 0.0, 1.0, 1.0, 0.0, 0.0, 0.0, 0.0]",0,0,1.1904761904761905,Learning: Improving
42,"[0.0, 0.0, 0.0, 0.0, 1.0, 1.0, 0.0, 0.0, 0.0, 0.0]",1,0,1.1627906976744187,Learning: Improving
43,"[0.0, 0.0, 0.0, 0.0, 1.0, 1.0, 0.0, 0.0, 0.0, 0.0]",3,0,1.1363636363636365,Learning: Improving
44,"[0.0, 0.0, 0.0, 0.0, 1.0, 1.0, 0.0, 0.0, 0.0, 0.0]",2,0,1.1111111111111112,Learning: Improving
45,"[0.0, 0.0, 0.0, 0.0, 1.0, 1.0, 0.0, 0.0, 0.0, 0.0]",4,0,1.0869565217391304,Learning: Improving
46,"[0.0, 0.0, 0.0, 0.0, 1.0, 1.0, 0.0, 0.0, 0.0, 0.0]",2,0,1.0638297872340425,Learning: Improving
47,"[0.0, 0.0, 0.0, 0.0, 1.0, 1.0, 0.0, 0.0, 0.0, 0.0]",5,0,1.0416666666666667,Learning: Improving
48,"[0.0, 0.0, 0.0, 0.0, 1.0, 1.0, 0.0, 0.0, 0.0, 0.0]",4,0,1.0204081632653061,Learning: Improving
49,"[0.0, 0.0, 0.0, 0.0, 1.0, 1.0, 0.0, 0.0, 0.0, 0.0]",2,0,1.0,Learning: Improving
50,"[0.0, 0.0, 0.0, 0.0, 1.0, 1.0, 0.0, 0.0, 0.0, 0.0]",3,0,0.9803921568627451,Learning: Improving
51,"[0.0, 0.0, 0.0, 0.0, 1.0, 1.0, 0.0, 0.0, 0.0, 0.0]",2,0,0.9615384615384616,Learning: Improving
52,"[0.0, 0.0, 0.0, 0.0, 2.0, 2.0, 0.0, 0.0, 0.0, 0.0]",2,20.0,1.320754716981132,Learning: Improving
53,"[0.0, 0.0, 0.0, 0.0, 2.0, 2.0, 0.0, 0.0, 0.0, 0.0]",2,20.0,1.6666666666666667,Learning: Improving
54,"[0.0, 0.0, 0.0, 0.0, 2.0, 2.0, 0.0, 0.0, 0.0, 0.0]",2,20.0,2.0,Learning: Improving
55,"[0.0, 0.0, 0.0, 0.0, 2.0, 2.0, 0.0, 0.0, 0.0, 0.0]",2,20.0,2.3214285714285716,Learning: Improving
56,"[0.0, 0.0, 0.0, 0.0, 2.0, 2.0, 0.0, 0.0, 0.0, 0.0]",4,-0.5,2.2719298245614037,Learning: Improving
57,"[0.0, 0.0, 0.0, 0.0, 2.0, 2.0, 0.0, 0.0, 0.0, 0.0]",3,-0.5,2.2241379310344827,Learning: Improving
58,"[0.0, 0.0, 0.0, 0.0, 2.0, 2.0, 0.0, 0.0, 0.0, 0.0]",1,-0.5,2.1779661016949152,Learning: Improving
59,"[0.0, 0.0, 0.0, 0.0, 2.0, 2.0, 0.0, 0.0, 0.0, 0.0]",1,-0.5,2.1333333333333333,Learning: Improving
60,"[0.0, 0.0, 0.0, 0.0, 2.0, 2.0, 0.0, 0.0, 0.0, 0.0]",2,-0.5,2.0901639344262297,Learning: Improving
61,"[0.0, 0.0, 0.0, 0.0, 2.0, 2.0, 0.0, 0.0, 0.0, 0.0]",5,-0.5,2.0483870967741935,Learning: Improving
62,"[0.0, 0.0, 0.0, 0.0, 2.0, 2.0, 0.0, 0.0, 0.0, 0.0]",2,-0.5,2.007936507936508,Learning: Improving
63,"[0.0, 0.0, 0.0, 0.0, 2.0, 2.0, 0.0, 0.0, 0.0, 0.0]",5,-0.5,1.96875,Learning: Improving
64,"[0.0, 0.0, 0.0, 0.0, 2.0, 2.0, 0.0, 0.0, 0.0, 0.0]",4,-1.0,1.9230769230769231,Learning: Improving
65,"[0.0, 0.0, 0.0, 0.0, 2.0, 2.0, 0.0, 0.0, 0.0, 0.0]",3,-1.0,1.878787878787879,Learning: Improving
66,"[0.0, 0.0, 0.0, 0.0, 2.0, 2.0, 0.0, 0.0, 0.0, 0.0]",2,-1.0,1.835820895522388,Learning: Improving
67,"[0.0, 0.0, 0.0, 0.0, 2.0, 2.0, 0.0, 0.0, 0.0, 0.0]",4,-1.5,1.786764705882353,Learning: Improving
68,"[0.0, 0.0, 0.0, 0.0, 2.0, 2.0, 0.0, 0.0, 0.0, 0.0]",2,-1.5,1.7391304347826086,Learning: Improving
69,"[0.0, 0.0, 0.0, 0.0, 2.0, 2.0, 0.0, 0.0, 0.0, 0.0]",4,-2.0,1.6857142857142857,Learning: Improving
70,"[0.0, 0.0, 0.0, 0.0, 2.0, 2.0, 0.0, 0.0, 0.0, 0.0]",2,-2.0,1.6338028169014085,Learning: Improving
71,"[0.0, 0.0, 0.0, 0.0, 2.0, 2.0, 0.0, 0.0, 0.0, 0.0]",1,-2.0,1.5833333333333333,Learning: Improving
72,"[0.0, 0.0, 0.0, 0.0, 2.0, 2.0, 0.0, 0.0, 0.0, 0.0]",4,-2.5,1.5273972602739727,Learning: Improving
73,"[0.0, 0.0, 0.0, 0.0, 2.0, 2.0, 0.0, 0.0, 0.0, 0.0]",2,-2.5,1.472972972972973,Learning: Improving
74,"[0.0, 0.0, 0.0, 0.0, 2.0, 2.0, 0.0, 0.0, 0.0, 0.0]",3,-2.5,1.42,Learning: Improving
75,"[0.0, 0.0, 0.0, 0.0, 2.0, 2.0, 0.0, 0.0, 0.0, 0.0]",1,-2.5,1.368421052631579,Learning: Improving
76,"[0.0, 0.0, 0.0, 0.0, 2.0, 2.0, 0.0, 0.0, 0.0, 0.0]",0,-2.5,1.3181818181818181,Learning: Improving
77,"[0.0, 0.0, 0.0, 0.0, 2.0, 2.0, 0.0, 0.0, 0.0, 0.0]",1,-2.5,1.2692307692307692,Learning: Improving
78,"[0.0, 0.0, 0.0, 0.0, 2.0, 2.0, 0.0, 0.0, 0.0, 0.0]",2,-2.5,1.2215189873417722,Learning: Improving
79,"[0.0, 0.0, 0.0, 0.0, 2.0, 2.0, 0.0, 0.0, 0.0, 0.0]",0,-2.5,1.175,Learning: Improving
80,"[0.0, 0.0, 0.0, 0.0, 2.0, 2.0, 0.0, 0.0, 0.0, 0.0]",1,-2.5,1.1296296296296295,Learning: Improving
81,"[0.0, 0.0, 0.0, 0.0, 2.0, 2.0, 0.0, 0.0, 0.0, 0.0]",2,-2.5,1.0853658536585367,Learning: Improving
82,"[0.0, 0.0, 0.0, 0.0, 2.0, 2.0, 0.0, 0.0, 0.0, 0.0]",3,-2.5,1.0421686746987953,Learning: Improving
83,"[0.0, 0.0, 0.0, 0.0, 2.0, 2.0, 0.0, 0.0, 0.0, 0.0]",2,-2.5,1.0,Learning: Improving
84,"[0.0, 0.0, 0.0, 0.0, 2.0, 2.0, 0.0, 0.0, 0.0, 0.0]",4,-3.0,0.9529411764705882,Learning: Improving
85,"[0.0, 0.0, 0.0, 0.0, 2.0, 2.0, 0.0, 0.0, 0.0, 0.0]",3,-3.0,0.9069767441860465,Learning: Improving
86,"[0.0, 0.0, 0.0, 0.0, 2.0, 2.0, 0.0, 0.0, 0.0, 0.0]",0,-3.0,0.8620689655172413,Learning: Improving
87,"[0.0, 0.0, 0.0, 0.0, 2.0, 2.0, 0.0, 0.0, 0.0, 0.0]",5,-3.0,0.8181818181818182,Learning: Improving
88,"[0.0, 0.0, 0.0, 0.0, 2.0, 2.0, 0.0, 0.0, 0.0, 0.0]",0,-3.0,0.7752808988764045,Learning: Improving
89,"[0.0, 0.0, 0.0, 0.0, 2.0, 2.0, 0.0, 0.0, 0.0, 0.0]",5,-3.0,0.7333333333333333,Learning: Improving
90,"[0.0, 0.0, 0.0, 0.0, 2.0, 2.0, 0.0, 0.0, 0.0, 0.0]",2,-3.0,0.6923076923076923,Learning: Improving
91,"[0.0, 0.0, 0.0, 0.0, 2.0, 2.0, 0.0, 0.0, 0.0, 0.0]",1,-3.0,0.6521739130434783,Learning: Improving
92,"[0.0, 0.0, 0.0, 0.0, 2.0, 2.0, 0.0, 0.0, 0.0, 0.0]",5,-3.0,0.6129032258064516,Learning: Improving
93,"[0.0, 0.0, 0.0, 0.0, 2.0, 2.0, 0.0, 0.0, 0.0, 0.0]",2,-3.0,0.574468085106383,Learning: Improving
94,"[0.0, 0.0, 0.0, 0.0, 2.0, 2.0, 0.0, 0.0, 0.0, 0.0]",1,-3.0,0.5368421052631579,Learning: Improving
95,"[0.0, 0.0, 0.0, 0.0, 2.0, 2.0, 0.0, 0.0, 0.0, 0.0]",4,-3.5,0.4947916666666667,Learning: Improving
96,"[0.0, 0.0, 0.0, 0.0, 2.0, 2.0, 0.0, 0.0, 0.0, 0.0]",0,-3.5,0.4536082474226804,Learning: Improving
97,"[0.0, 0.0, 0.0, 0.0, 2.0, 2.0, 0.0, 0.0, 0.0, 0.0]",0,-3.5,0.413265306122449,Learning: Improving
98,"[0.0, 0.0, 0.0, 0.0, 2.0, 2.0, 0.0, 0.0, 0.0, 0.0]",0,-3.5,0.37373737373737376,Learning: Improving
99,"[0.0, 0.0, 0.0, 0.0, 2.0, 2.0, 0.0, 0.0, 0.0, 0.0]",0,-3.5,0.335,Learning: Improving
100,"[0.0, 0.0, 0.0, 0.0, 2.0, 2.0, 0.0, 0.0, 0.0, 0.0]",4,-4.0,-0.205,Learning: Struggling
101,"[0.0, 0.0, 0.0, 0.0, 2.0, 2.0, 0.0, 0.0, 0.0, 0.0]",3,-4.0,-0.245,Learning: Struggling
102,"[0.0, 0.0, 0.0, 0.0, 2.0, 2.0, 0.0, 0.0, 0.0, 0.0]",2,-4.0,-0.285,Learning: Struggling
103,"[0.0, 0.0, 0.0, 0.0, 3.0, 0.0, 0.0, 0.0, 0.0, 0.0]",0,0,-0.285,Learning: Struggling
104,"[0.0, 0.0, 0.0, 0.0, 3.0, 0.0, 0.0, 0.0, 0.0, 0.0]",1,0,-0.285,Learning: Struggling
105,"[0.0, 0.0, 0.0, 0.0, 3.0, 0.0, 0.0, 0.0, 0.0, 0.0]",3,0,-0.285,Learning: Struggling
106,"[0.0, 0.0, 0.0, 0.0, 3.0, 0.0, 0.0, 0.0, 0.0, 0.0]",2,0,-0.285,Learning: Struggling
107,"[0.0, 0.0, 0.0, 0.0, 3.0, 0.0, 0.0, 0.0, 0.0, 0.0]",3,0,-0.285,Learning: Struggling
108,"[0.0, 0.0, 0.0, 0.0, 3.0, 0.0, 0.0, 0.0, 0.0, 0.0]",4,0,-0.285,Learning: Struggling
109,"[0.0, 0.0, 0.0, 0.0, 3.0, 0.0, 0.0, 0.0, 0.0, 0.0]",0,0,-0.285,Learning: Struggling
110,"[0.0, 0.0, 0.0, 0.0, 3.0, 0.0, 0.0, 0.0, 0.0, 0.0]",3,0,-0.285,Learning: Struggling
111,"[0.0, 0.0, 0.0, 0.0, 3.0, 0.0, 0.0, 0.0, 0.0, 0.0]",1,0,-0.285,Learning: Struggling
112,"[0.0, 0.0, 0.0, 0.0, 3.0, 0.0, 0.0, 0.0, 0.0, 0.0]",5,0,-0.285,Learning: Struggling
113,"[0.0, 0.0, 0.0, 0.0, 3.0, 0.0, 0.0, 0.0, 0.0, 0.0]",0,0,-0.285,Learning: Struggling
114,"[0.0, 0.0, 0.0, 0.0, 3.0, 0.0, 0.0, 0.0, 0.0, 0.0]",0,0,-0.285,Learning: Struggling
115,"[0.0, 0.0, 0.0, 0.0, 3.0, 0.0, 0.0, 0.0, 0.0, 0.0]",0,0,-0.285,Learning: Struggling
116,"[0.0, 0.0, 0.0, 0.0, 3.0, 0.0, 0.0, 0.0, 0.0, 0.0]",4,0,-0.285,Learning: Struggling
117,"[0.0, 0.0, 0.0, 0.0, 3.0, 0.0, 0.0, 0.0, 0.0, 0.0]",2,0,-0.285,Learning: Struggling
118,"[0.0, 0.0, 0.0, 0.0, 3.0, 0.0, 0.0, 0.0, 0.0, 0.0]",1,0,-0.285,Learning: Struggling
119,"[0.0, 0.0, 0.0, 0.0, 3.0, 0.0, 0.0, 0.0, 0.0, 0.0]",3,0,-0.285,Learning: Struggling
120,"[0.0, 0.0, 0.0, 0.0, 3.0, 0.0, 0.0, 0.0, 0.0, 0.0]",4,0,-0.285,Learning: Struggling
121,"[0.0, 0.0, 0.0, 0.0, 3.0, 0.0, 0.0, 0.0, 0.0, 0.0]",4,0,-0.285,Learning: Struggling
122,"[0.0, 0.0, 0.0, 0.0, 3.0, 0.0, 0.0, 0.0, 0.0, 0.0]",2,0,-0.285,Learning: Struggling
123,"[0.0, 0.0, 0.0, 0.0, 3.0, 0.0, 0.0, 0.0, 0.0, 0.0]",2,0,-0.285,Learning: Struggling
124,"[0.0, 0.0, 0.0, 0.0, 3.0, 0.0, 0.0, 0.0, 0.0, 0.0]",4,0,-0.285,Learning: Struggling
125,"[0.0, 0.0, 0.0, 0.0, 3.0, 0.0, 0.0, 0.0, 0.0, 0.0]",1,0,-0.285,Learning: Struggling
126,"[0.0, 0.0, 0.0, 0.0, 3.0, 0.0, 0.0, 0.0, 0.0, 0.0]",2,0,-0.285,Learning: Struggling
127,"[0.0, 0.0, 0.0, 0.0, 3.0, 0.0, 0.0, 0.0, 0.0, 0.0]",0,0,-0.285,Learning: Struggling
128,"[0.0, 0.0, 0.0, 0.0, 3.0, 0.0, 0.0, 0.0, 0.0, 0.0]",4,0,-0.285,Learning: Struggling
129,"[0.0, 0.0, 0.0, 0.0, 3.0, 0.0, 0.0, 0.0, 0.0, 0.0]",2,0,-0.285,Learning: Struggling
130,"[0.0, 0.0, 0.0, 0.0, 3.0, 0.0, 0.0, 0.0, 0.0, 0.0]",2,0,-0.285,Learning: Struggling
131,"[0.0, 0.0, 0.0, 0.0, 3.0, 0.0, 0.0, 0.0, 0.0, 0.0]",4,0,-0.285,Learning: Struggling
132,"[0.0, 0.0, 0.0, 0.0, 3.0, 0.0, 0.0, 0.0, 0.0, 0.0]",4,0,-0.285,Learning: Struggling
133,"[0.0, 0.0, 0.0, 0.0, 3.0, 0.0, 0.0, 0.0, 0.0, 0.0]",1,0,-0.285,Learning: Struggling
134,"[0.0, 0.0, 0.0, 0.0, 3.0, 0.0, 0.0, 0.0, 0.0, 0.0]",4,0,-0.285,Learning: Struggling
135,"[0.0, 0.0, 0.0, 0.0, 3.0, 0.0, 0.0, 0.0, 0.0, 0.0]",5,0,-0.285,Learning: Struggling
136,"[0.0, 0.0, 0.0, 0.0, 3.0, 0.0, 0.0, 0.0, 0.0, 0.0]",2,0,-0.285,Learning: Struggling
137,"[0.0, 0.0, 0.0, 0.0, 3.0, 0.0, 0.0, 0.0, 0.0, 0.0]",3,0,-0.285,Learning: Struggling
138,"[0.0, 0.0, 0.0, 0.0, 3.0, 0.0, 0.0, 0.0, 0.0, 0.0]",5,0,-0.285,Learning: Struggling
139,"[0.0, 0.0, 0.0, 0.0, 3.0, 0.0, 0.0, 0.0, 0.0, 0.0]",4,0,-0.285,Learning: Struggling
140,"[0.0, 0.0, 0.0, 0.0, 3.0, 0.0, 0.0, 0.0, 0.0, 0.0]",3,0,-0.285,Learning: Struggling
141,"[0.0, 0.0, 0.0, 0.0, 3.0, 0.0, 0.0, 0.0, 0.0, 0.0]",0,0,-0.285,Learning: Struggling
142,"[0.0, 0.0, 0.0, 0.0, 3.0, 0.0, 0.0, 0.0, 0.0, 0.0]",4,0,-0.285,Learning: Struggling
143,"[0.0, 0.0, 0.0, 0.0, 3.0, 0.0, 0.0, 0.0, 0.0, 0.0]",2,0,-0.285,Learning: Struggling
144,"[0.0, 0.0, 0.0, 0.0, 3.0, 0.0, 0.0, 0.0, 0.0, 0.0]",2,0,-0.285,Learning: Struggling
145,"[0.0, 0.0, 0.0, 0.0, 3.0, 0.0, 0.0, 0.0, 0.0, 0.0]",4,0,-0.285,Learning: Struggling
146,"[0.0, 0.0, 0.0, 0.0, 3.0, 0.0, 0.0, 0.0, 0.0, 0.0]",2,0,-0.285,Learning: Struggling
147,"[0.0, 0.0, 0.0, 0.0, 3.0, 0.0, 0.0, 0.0, 0.0, 0.0]",1,0,-0.285,Learning: Struggling
148,"[0.0, 0.0, 0.0, 0.0, 3.0, 0.0, 0.0, 0.0, 0.0, 0.0]",0,0,-0.285,Learning: Struggling
149,"[0.0, 0.0, 0.0, 0.0, 3.0, 0.0, 0.0, 0.0, 0.0, 0.0]",2,0,-0.285,Learning: Struggling
150,"[0.0, 0.0, 0.0, 0.0, 3.0, 0.0, 0.0, 0.0, 0.0, 0.0]",2,0,-0.285,Learning: Struggling
151,"[0.0, 0.0, 0.0, 0.0, 3.0, 0.0, 0.0, 0.0, 0.0, 0.0]",0,0,-0.285,Learning: Struggling
152,"[0.0, 0.0, 0.0, 0.0, 3.0, 0.0, 0.0, 0.0, 0.0, 0.0]",1,0,-0.485,Learning: Struggling
153,"[0.0, 0.0, 0.0, 0.0, 3.0, 0.0, 0.0, 0.0, 0.0, 0.0]",5,0,-0.685,Learning: Struggling
154,"[0, 0, 0, 0, 4, 1, 0, 0, 0, 0]",4,0,-0.885,Learning: Struggling
155,"[0, 0, 0, 0, 4, 1, 0, 0, 0, 0]",5,5,-1.035,Learning: Struggling
0,"[392.0, 250.0, 358.0, 300.0, 0.0, 0.0, 0.2, 1.0, 0.0, 0.0]",2,340.1825439453125,340.1825439453125,Learning: Improving
1,"[0.0, 0.0, 0.0, 0.0, 1.0, 1.0, 0.0, 0.0, 0.0, 0.0]",3,-9.609907281398772,165.28631833195686,Learning: Improving
2,"[0.0, 0.0, 0.0, 0.0, 1.0, 1.0, 0.0, 0.0, 0.0, 0.0]",3,-9.609907281398772,106.98757646083833,Learning: Improving
3,"[0.0, 0.0, 0.0, 0.0, 1.0, 1.0, 0.0, 0.0, 0.0, 0.0]",3,-9.609907281398772,77.83820552527905,Learning: Improving
4,"[0.0, 0.0, 0.0, 0.0, 1.0, 1.0, 0.0, 0.0, 0.0, 0.0]",3,-9.609907281398772,60.348582963943485,Learning: Improving
5,"[0.0, 0.0, 0.0, 0.0, 1.0, 1.0, 0.0, 0.0, 0.0, 0.0]",3,-9.609907281398772,48.68883458971978,Learning: Improving
6,"[0.0, 0.0, 0.0, 0.0, 1.0, 1.0, 0.0, 0.0, 0.0, 0.0]",3,-9.609907281398772,40.3604428938457,Learning: Improving
7,"[0.0, 0.0, 0.0, 0.0, 1.0, 1.0, 0.0, 0.0, 0.0, 0.0]",3,-9.609907281398772,34.114149121940144,Learning: Improving
8,"[0.0, 0.0, 0.0, 0.0, 1.0, 1.0, 0.0, 0.0, 0.0, 0.0]",3,-9.609907281398772,29.255920632680265,Learning: Improving
9,"[0.0, 0.0, 0.0, 0.0, 1.0, 1.0, 0.0, 0.0, 0.0, 0.0]",3,-9.609907281398772,25.369337841272362,Learning: Improving
10,"[0.0, 0.0, 0.0, 0.0, 1.0, 1.0, 0.0, 0.0, 0.0, 0.0]",3,-9.609907281398772,22.18940646648408,Learning: Improving
11,"[0.0, 0.0, 0.0, 0.0, 1.0, 1.0, 0.0, 0.0, 0.0, 0.0]",3,-9.609907281398772,19.53946365416051,Learning: Improving
12,"[0.0, 0.0, 0.0, 0.0, 1.0, 1.0, 0.0, 0.0, 0.0, 0.0]",3,-9.609907281398772,17.29720435142518,Learning: Improving
13,"[0.0, 0.0, 0.0, 0.0, 1.0, 1.0, 0.0, 0.0, 0.0, 0.0]",3,-9.609907281398772,15.375267806223471,Learning: Improving
14,"[0.0, 0.0, 0.0, 0.0, 1.0, 1.0, 0.0, 0.0, 0.0, 0.0]",3,-9.609907281398772,13.709589467048655,Learning: Improving
15,"[0.0, 0.0, 0.0, 0.0, 1.0, 1.0, 0.0, 0.0, 0.0, 0.0]",3,-9.609907281398772,12.252120920270691,Learning: Improving
16,"[0.0, 0.0, 0.0, 0.0, 1.0, 1.0, 0.0, 0.0, 0.0, 0.0]",3,-9.609907281398772,10.96611926134896,Learning: Improving
17,"[0.0, 0.0, 0.0, 0.0, 1.0, 1.0, 0.0, 0.0, 0.0, 0.0]",3,-9.609907281398772,9.823006675640752,Learning: Improving
18,"[0.0, 0.0, 0.0, 0.0, 1.0, 1.0, 0.0, 0.0, 0.0, 0.0]",3,-9.609907281398772,8.800221730533409,Learning: Improving
19,"[0.0, 0.0, 0.0, 0.0, 1.0, 1.0, 0.0, 0.0, 0.0, 0.0]",3,-9.609907281398772,7.879715279936801,Learning: Improving
20,"[0.0, 0.0, 0.0, 0.0, 1.0, 1.0, 0.0, 0.0, 0.0, 0.0]",3,-9.609907281398772,7.046876110349393,Learning: Improving
21,"[0.0, 0.0, 0.0, 0.0, 1.0, 1.0, 0.0, 0.0, 0.0, 0.0]",3,-9.609907281398772,6.289749592542659,Learning: Improving
22,"[0.0, 0.0, 0.0, 0.0, 1.0, 1.0, 0.0, 0.0, 0.0, 0.0]",3,-9.609907281398772,5.5984601632408575,Learning: Improving
23,"[0.0, 0.0, 0.0, 0.0, 1.0, 1.0, 0.0, 0.0, 0.0, 0.0]",3,-9.609907281398772,4.964778186380873,Learning: Improving
24,"[0.0, 0.0, 0.0, 0.0, 1.0, 1.0, 0.0, 0.0, 0.0, 0.0]",3,-9.609907281398772,4.3817907676696874,Learning: Improving
25,"[0.0, 0.0, 0.0, 0.0, 1.0, 1.0, 0.0, 0.0, 0.0, 0.0]",3,-9.609907281398772,3.843648535013208,Learning: Improving
26,"[0.0, 0.0, 0.0, 0.0, 1.0, 1.0, 0.0, 0.0, 0.0, 0.0]",3,-9.609907281398772,3.345368689960912,Learning: Improving
27,"[0.0, 0.0, 0.0, 0.0, 1.0, 1.0, 0.0, 0.0, 0.0, 0.0]",3,-9.609907281398772,2.8826802624123515,Learning: Improving
28,"[0.0, 0.0, 0.0, 0.0, 1.0, 1.0, 0.0, 0.0, 0.0, 0.0]",3,-9.609907281398772,2.4519013815912785,Learning: Improving
29,"[0.0, 0.0, 0.0, 0.0, 1.0, 1.0, 0.0, 0.0, 0.0, 0.0]",3,-9.609907281398772,2.049841092824943,Learning: Improving
30,"[0.0, 0.0, 0.0, 0.0, 1.0, 1.0, 0.0, 0.0, 0.0, 0.0]",3,-9.609907281398772,1.673720177527404,Learning: Improving
31,"[0.0, 0.0, 0.0, 0.0, 1.0, 1.0, 0.0, 0.0, 0.0, 0.0]",3,-9.609907281398772,1.3211068194359608,Learning: Improving
32,"[0.0, 0.0, 0.0, 0.0, 1.0, 1.0, 0.0, 0.0, 0.0, 0.0]",3,-9.609907281398772,0.9898639678955142,Learning: Improving
33,"[0.0, 0.0, 0.0, 0.0, 1.0, 1.0, 0.0, 0.0, 0.0, 0.0]",3,-9.609907281398772,0.678105989975094,Learning: Improving
34,"[0.0, 0.0, 0.0, 0.0, 1.0, 1.0, 0.0, 0.0, 0.0, 0.0]",3,-9.609907281398772,0.38416275365012637,Learning: Improving
35,"[0.0, 0.0, 0.0, 0.0, 1.0, 1.0, 0.0, 0.0, 0.0, 0.0]",3,-9.609907281398772,0.1065496971209903,Learning: Improving
36,"[0.0, 0.0, 0.0, 0.0, 1.0, 1.0, 0.0, 0.0, 0.0, 0.0]",3,-9.609907281398772,-0.1560572482444087,Learning: Struggling
37,"[0.0, 0.0, 0.0, 0.0, 1.0, 1.0, 0.0, 0.0, 0.0, 0.0]",3,-9.609907281398772,-0.40484277543268143,Learning: Struggling
38,"[0.0, 0.0, 0.0, 0.0, 1.0, 1.0, 0.0, 0.0, 0.0, 0.0]",3,-9.609907281398772,-0.640870070457453,Learning: Struggling
39,"[0.0, 0.0, 0.0, 0.0, 1.0, 1.0, 0.0, 0.0, 0.0, 0.0]",3,-9.609907281398772,-0.8650960007309859,Learning: Struggling
40,"[0.0, 0.0, 0.0, 0.0, 1.0, 1.0, 0.0, 0.0, 0.0, 0.0]",3,-9.609907281398772,-1.0783840807472735,Learning: Struggling
41,"[0.0, 0.0, 0.0, 0.0, 1.0, 1.0, 0.0, 0.0, 0.0, 0.0]",3,-9.609907281398772,-1.2815155855246902,Learning: Struggling
42,"[0.0, 0.0, 0.0, 0.0, 1.0, 1.0, 0.0, 0.0, 0.0, 0.0]",3,-9.609907281398772,-1.4751991133357154,Learning: Struggling
43,"[0.0, 0.0, 0.0, 0.0, 1.0, 1.0, 0.0, 0.0, 0.0, 0.0]",3,-9.609907281398772,-1.6600788444280576,Learning: Struggling
44,"[0.0, 0.0, 0.0, 0.0, 1.0, 1.0, 0.0, 0.0, 0.0, 0.0]",3,-9.609907281398772,-1.8367416985829625,Learning: Struggling
45,"[0.0, 0.0, 0.0, 0.0, 1.0, 1.0, 0.0, 0.0, 0.0, 0.0]",3,-9.609907281398772,-2.0057235590789584,Learning: Struggling
46,"[0.0, 0.0, 0.0, 0.0, 1.0, 1.0, 0.0, 0.0, 0.0, 0.0]",3,-9.609907281398772,-2.16751470210704,Learning: Struggling
47,"[0.0, 0.0, 0.0, 0.0, 1.0, 1.0, 0.0, 0.0, 0.0, 0.0]",3,-9.609907281398772,-2.322564547508951,Learning: Struggling
48,"[0.0, 0.0, 0.0, 0.0, 1.0, 1.0, 0.0, 0.0, 0.0, 0.0]",3,-9.609907281398772,-2.471285827792417,Learning: Struggling
49,"[0.0, 0.0, 0.0, 0.0, 1.0, 1.0, 0.0, 0.0, 0.0, 0.0]",3,-9.609907281398772,-2.614058256864544,Learning: Struggling
50,"[0.0, 0.0, 0.0, 0.0, 1.0, 1.0, 0.0, 0.0, 0.0, 0.0]",3,-9.609907281398772,-2.751231767149528,Learning: Struggling
51,"[0.0, 0.0, 0.0, 0.0, 1.0, 1.0, 0.0, 0.0, 0.0, 0.0]",3,-9.609907281398772,-2.8831293731927827,Learning: Struggling
52,"[0.0, 0.0, 0.0, 0.0, 2.0, 2.0, 0.0, 0.0, 0.0, 0.0]",4,-9.168829846382142,-3.0017274953284314,Learning: Struggling
53,"[0.0, 0.0, 0.0, 0.0, 2.0, 2.0, 0.0, 0.0, 0.0, 0.0]",4,-9.168829846382142,-3.1159330944220187,Learning: Struggling
54,"[0.0, 0.0, 0.0, 0.0, 2.0, 2.0, 0.0, 0.0, 0.0, 0.0]",4,-9.168829846382142,-3.2259857626394757,Learning: Struggling
55,"[0.0, 0.0, 0.0, 0.0, 2.0, 2.0, 0.0, 0.0, 0.0, 0.0]",4,-9.168829846382142,-3.332107978420595,Learning: Struggling
56,"[0.0, 0.0, 0.0, 0.0, 2.0, 2.0, 0.0, 0.0, 0.0, 0.0]",4,-9.168829846382142,-3.4345066076830784,Learning: Struggling
57,"[0.0, 0.0, 0.0, 0.0, 2.0, 2.0, 0.0, 0.0, 0.0, 0.0]",4,-9.168829846382142,-3.533374249729614,Learning: Struggling
58,"[0.0, 0.0, 0.0, 0.0, 2.0, 2.0, 0.0, 0.0, 0.0, 0.0]",4,-9.168829846382142,-3.628890446283047,Learning: Struggling
59,"[0.0, 0.0, 0.0, 0.0, 2.0, 2.0, 0.0, 0.0, 0.0, 0.0]",4,-9.168829846382142,-3.721222769618032,Learning: Struggling
60,"[0.0, 0.0, 0.0, 0.0, 2.0, 2.0, 0.0, 0.0, 0.0, 0.0]",4,-9.168829846382142,-3.8105278036633456,Learning: Struggling
61,"[0.0, 0.0, 0.0, 0.0, 2.0, 2.0, 0.0, 0.0, 0.0, 0.0]",4,-9.168829846382142,-3.8969520301588103,Learning: Struggling
62,"[0.0, 0.0, 0.0, 0.0, 2.0, 2.0, 0.0, 0.0, 0.0, 0.0]",4,-9.168829846382142,-3.9806326304163235,Learning: Struggling
63,"[0.0, 0.0, 0.0, 0.0, 2.0, 2.0, 0.0, 0.0, 0.0, 0.0]",4,-9.168829846382142,-4.06169821191579,Learning: Struggling
64,"[0.0, 0.0, 0.0, 0.0, 2.0, 2.0, 0.0, 0.0, 0.0, 0.0]",4,-9.168829846382142,-4.140269467830657,Learning: Struggling
0,"[355.0, 375.0, 395.0, 175.0, 0.0, 0.0, 0.2, 1.0, 0.0, 0.0]",1,317.84039916992185,317.84039916992185,Learning: Improving
1,"[0.0, 0.0, 0.0, 0.0, 1.0, 1.0, 0.0, 0.0, 0.0, 0.0]",3,-9.604555344581604,154.1179219126701,Learning: Improving
2,"[0.0, 0.0, 0.0, 0.0, 1.0, 1.0, 0.0, 0.0, 0.0, 0.0]",3,-9.604555344581604,99.54376282691953,Learning: Improving
3,"[0.0, 0.0, 0.0, 0.0, 1.0, 1.0, 0.0, 0.0, 0.0, 0.0]",3,-9.604555344581604,72.25668328404424,Learning: Improving
4,"[0.0, 0.0, 0.0, 0.0, 1.0, 1.0, 0.0, 0.0, 0.0, 0.0]",3,-9.604555344581604,55.88443555831907,Learning: Improving
5,"[0.0, 0.0, 0.0, 0.0, 1.0, 1.0, 0.0, 0.0, 0.0, 0.0]",3,-9.604555344581604,44.96960374116895,Learning: Improving
6,"[0.0, 0.0, 0.0, 0.0, 1.0, 1.0, 0.0, 0.0, 0.0, 0.0]",3,-9.604555344581604,37.17329530034744,Learning: Improving
7,"[0.0, 0.0, 0.0, 0.0, 1.0, 1.0, 0.0, 0.0, 0.0, 0.0]",3,-9.604555344581604,31.32606396973131,Learning: Improving
8,"[0.0, 0.0, 0.0, 0.0, 1.0, 1.0, 0.0, 0.0, 0.0, 0.0]",3,-9.604555344581604,26.778217379252098,Learning: Improving
9,"[0.0, 0.0, 0.0, 0.0, 1.0, 1.0, 0.0, 0.0, 0.0, 0.0]",3,-9.604555344581604,23.13994010686873,Learning: Improving
10,"[0.0, 0.0, 0.0, 0.0, 1.0, 1.0, 0.0, 0.0, 0.0, 0.0]",3,-9.604555344581604,20.163167793100516,Learning: Improving
11,"[0.0, 0.0, 0.0, 0.0, 1.0, 1.0, 0.0, 0.0, 0.0, 0.0]",3,-9.604555344581604,17.682524198293674,Learning: Improving
12,"[0.0, 0.0, 0.0, 0.0, 1.0, 1.0, 0.0, 0.0, 0.0, 0.0]",3,-9.604555344581604,15.583518079610961,Learning: Improving
13,"[0.0, 0.0, 0.0, 0.0, 1.0, 1.0, 0.0, 0.0, 0.0, 0.0]",3,-9.604555344581604,13.784369977882921,Learning: Improving
14,"[0.0, 0.0, 0.0, 0.0, 1.0, 1.0, 0.0, 0.0, 0.0, 0.0]",3,-9.604555344581604,12.225108289718621,Learning: Improving
15,"[0.0, 0.0, 0.0, 0.0, 1.0, 1.0, 0.0, 0.0, 0.0, 0.0]",3,-9.604555344581604,10.860754312574857,Learning: Improving
16,"[0.0, 0.0, 0.0, 0.0, 1.0, 1.0, 0.0, 0.0, 0.0, 0.0]",3,-9.604555344581604,9.656912568036242,Learning: Improving
17,"[0.0, 0.0, 0.0, 0.0, 1.0, 1.0, 0.0, 0.0, 0.0, 0.0]",3,-9.604555344581604,8.58683101733525,Learning: Improving
18,"[0.0, 0.0, 0.0, 0.0, 1.0, 1.0, 0.0, 0.0, 0.0, 0.0]",3,-9.604555344581604,7.629389629865943,Learning: Improving
19,"[0.0, 0.0, 0.0, 0.0, 1.0, 1.0, 0.0, 0.0, 0.0, 0.0]",3,-9.604555344581604,6.767692381143566,Learning: Improving
20,"[0.0, 0.0, 0.0, 0.0, 1.0, 1.0, 0.0, 0.0, 0.0, 0.0]",3,-9.604555344581604,5.988061537061415,Learning: Improving
21,"[0.0, 0.0, 0.0, 0.0, 1.0, 1.0, 0.0, 0.0, 0.0, 0.0]",3,-9.604555344581604,5.27930622425946,Learning: Improving
22,"[0.0, 0.0, 0.0, 0.0, 1.0, 1.0, 0.0, 0.0, 0.0, 0.0]",3,-9.604555344581604,4.632181808222892,Learning: Improving
23,"[0.0, 0.0, 0.0, 0.0, 1.0, 1.0, 0.0, 0.0, 0.0, 0.0]",3,-9.604555344581604,4.038984426856039,Learning: Improving
24,"[0.0, 0.0, 0.0, 0.0, 1.0, 1.0, 0.0, 0.0, 0.0, 0.0]",3,-9.604555344581604,3.493242835998533,Learning: Improving
25,"[0.0, 0.0, 0.0, 0.0, 1.0, 1.0, 0.0, 0.0, 0.0, 0.0]",3,-9.604555344581604,2.989481367514682,Learning: Improving
26,"[0.0, 0.0, 0.0, 0.0, 1.0, 1.0, 0.0, 0.0, 0.0, 0.0]",3,-9.604555344581604,2.5230355633629675,Learning: Improving
27,"[0.0, 0.0, 0.0, 0.0, 1.0, 1.0, 0.0, 0.0, 0.0, 0.0]",3,-9.604555344581604,2.0899073166506614,Learning: Improving
28,"[0.0, 0.0, 0.0, 0.0, 1.0, 1.0, 0.0, 0.0, 0.0, 0.0]",3,-9.604555344581604,1.6866499835047213,Learning: Improving
29,"[0.0, 0.0, 0.0, 0.0, 1.0, 1.0, 0.0, 0.0, 0.0, 0.0]",3,-9.604555344581604,1.3102764725685103,Learning: Improving
30,"[0.0, 0.0, 0.0, 0.0, 1.0, 1.0, 0.0, 0.0, 0.0, 0.0]",3,-9.604555344581604,0.958185123628184,Learning: Improving
31,"[0.0, 0.0, 0.0, 0.0, 1.0, 1.0, 0.0, 0.0, 0.0, 0.0]",3,-9.604555344581604,0.6280994839966281,Learning: Improving
32,"[0.0, 0.0, 0.0, 0.0, 1.0, 1.0, 0.0, 0.0, 0.0, 0.0]",3,-9.604555344581604,0.3180190346457726,Learning: Improving
33,"[0.0, 0.0, 0.0, 0.0, 1.0, 1.0, 0.0, 0.0, 0.0, 0.0]",3,-9.604555344581604,0.026178611727320323,Learning: Improving
34,"[0.0, 0.0, 0.0, 0.0, 1.0, 1.0, 0.0, 0.0, 0.0, 0.0]",3,-9.604555344581604,-0.2489852155957918,Learning: Struggling
35,"[0.0, 0.0, 0.0, 0.0, 1.0, 1.0, 0.0, 0.0, 0.0, 0.0]",3,-9.604555344581604,-0.5088621636231755,Learning: Struggling
36,"[0.0, 0.0, 0.0, 0.0, 1.0, 1.0, 0.0, 0.0, 0.0, 0.0]",3,-9.604555344581604,-0.7546917090544843,Learning: Struggling
37,"[0.0, 0.0, 0.0, 0.0, 1.0, 1.0, 0.0, 0.0, 0.0, 0.0]",3,-9.604555344581604,-0.9875828573578297,Learning: Struggling
38,"[0.0, 0.0, 0.0, 0.0, 1.0, 1.0, 0.0, 0.0, 0.0, 0.0]",3,-9.604555344581604,-1.208530869850747,Learning: Struggling
39,"[0.0, 0.0, 0.0, 0.0, 1.0, 1.0, 0.0, 0.0, 0.0, 0.0]",3,-9.604555344581604,-1.4184314817190184,Learning: Struggling
40,"[0.0, 0.0, 0.0, 0.0, 1.0, 1.0, 0.0, 0.0, 0.0, 0.0]",3,-9.604555344581604,-1.6180930393498132,Learning: Struggling
41,"[0.0, 0.0, 0.0, 0.0, 1.0, 1.0, 0.0, 0.0, 0.0, 0.0]",3,-9.604555344581604,-1.8082469037600937,Learning: Struggling
42,"[0.0, 0.0, 0.0, 0.0, 1.0, 1.0, 0.0, 0.0, 0.0, 0.0]",3,-9.604555344581604,-1.9895564023838497,Learning: Struggling
43,"[0.0, 0.0, 0.0, 0.0, 1.0, 1.0, 0.0, 0.0, 0.0, 0.0]",3,-9.604555344581604,-2.162624560161071,Learning: Struggling
44,"[0.0, 0.0, 0.0, 0.0, 1.0, 1.0, 0.0, 0.0, 0.0, 0.0]",3,-9.604555344581604,-2.328000799814861,Learning: Struggling
45,"[0.0, 0.0, 0.0, 0.0, 1.0, 1.0, 0.0, 0.0, 0.0, 0.0]",3,-9.604555344581604,-2.486186768179355,Learning: Struggling
46,"[0.0, 0.0, 0.0, 0.0, 1.0, 1.0, 0.0, 0.0, 0.0, 0.0]",3,-9.604555344581604,-2.637641418741105,Learning: Struggling
47,"[0.0, 0.0, 0.0, 0.0, 1.0, 1.0, 0.0, 0.0, 0.0, 0.0]",3,-9.604555344581604,-2.7827854588627816,Learning: Struggling
48,"[0.0, 0.0, 0.0, 0.0, 1.0, 1.0, 0.0, 0.0, 0.0, 0.0]",3,-9.604555344581604,-2.92200525244888,Learning: Struggling
49,"[0.0, 0.0, 0.0, 0.0, 1.0, 1.0, 0.0, 0.0, 0.0, 0.0]",3,-9.604555344581604,-3.0556562542915344,Learning: Struggling
50,"[0.0, 0.0, 0.0, 0.0, 1.0, 1.0, 0.0, 0.0, 0.0, 0.0]",3,-9.604555344581604,-3.184066040375653,Learning: Struggling
51,"[0.0, 0.0, 0.0, 0.0, 1.0, 1.0, 0.0, 0.0, 0.0, 0.0]",3,-9.604555344581604,-3.30753698853346,Learning: Struggling
52,"[0.0, 0.0, 0.0, 0.0, 2.0, 2.0, 0.0, 0.0, 0.0, 0.0]",4,-9.214389777183532,-3.418987041149499,Learning: Struggling
53,"[0.0, 0.0, 0.0, 0.0, 2.0, 2.0, 0.0, 0.0, 0.0, 0.0]",4,-9.214389777183532,-3.526309314039018,Learning: Struggling
54,"[0.0, 0.0, 0.0, 0.0, 2.0, 2.0, 0.0, 0.0, 0.0, 0.0]",4,-9.214389777183532,-3.629728958823464,Learning: Struggling
55,"[0.0, 0.0, 0.0, 0.0, 2.0, 2.0, 0.0, 0.0, 0.0, 0.0]",4,-9.214389777183532,-3.7294550448656074,Learning: Struggling
56,"[0.0, 0.0, 0.0, 0.0, 2.0, 2.0, 0.0, 0.0, 0.0, 0.0]",4,-9.214389777183532,-3.825681969993992,Learning: Struggling
57,"[0.0, 0.0, 0.0, 0.0, 2.0, 2.0, 0.0, 0.0, 0.0, 0.0]",4,-9.214389777183532,-3.9185907252903633,Learning: Struggling
58,"[0.0, 0.0, 0.0, 0.0, 2.0, 2.0, 0.0, 0.0, 0.0, 0.0]",4,-9.214389777183532,-4.008350031254654,Learning: Struggling
59,"[0.0, 0.0, 0.0, 0.0, 2.0, 2.0, 0.0, 0.0, 0.0, 0.0]",4,-9.214389777183532,-4.095117360353469,Learning: Struggling
60,"[0.0, 0.0, 0.0, 0.0, 2.0, 2.0, 0.0, 0.0, 0.0, 0.0]",4,-9.214389777183532,-4.179039858990027,Learning: Struggling
61,"[0.0, 0.0, 0.0, 0.0, 2.0, 2.0, 0.0, 0.0, 0.0, 0.0]",4,-9.214389777183532,-4.260255180251213,Learning: Struggling
62,"[0.0, 0.0, 0.0, 0.0, 2.0, 2.0, 0.0, 0.0, 0.0, 0.0]",4,-9.214389777183532,-4.338892237345377,Learning: Struggling
63,"[0.0, 0.0, 0.0, 0.0, 2.0, 2.0, 0.0, 0.0, 0.0, 0.0]",4,-9.214389777183532,-4.415071886405348,Learning: Struggling
64,"[0.0, 0.0, 0.0, 0.0, 2.0, 2.0, 0.0, 0.0, 0.0, 0.0]",4,-9.214389777183532,-4.488907546263475,Learning: Struggling
